{
    "training_loss": [
        1.1833711862564087,
        0.792138934135437,
        0.9535236954689026,
        1.0020127296447754,
        0.8723017573356628,
        0.7497526407241821,
        0.7680265307426453,
        0.7017018795013428,
        0.6690473556518555,
        0.6719864010810852,
        0.610400378704071,
        0.5667738914489746,
        0.5606129765510559,
        0.48756131529808044,
        0.5415300130844116,
        0.5261253714561462,
        0.4933401644229889,
        0.3231305181980133,
        0.4822227656841278,
        0.5050839185714722,
        0.4580675959587097,
        0.7964370846748352,
        0.4317724406719208,
        0.3044797480106354,
        0.43149104714393616,
        0.38781455159187317,
        0.41123518347740173,
        0.4640612304210663,
        0.3934853971004486,
        0.35981395840644836,
        0.3914400041103363,
        0.44666388630867004,
        0.3811591863632202,
        0.2739744782447815,
        0.3651238679885864,
        0.16474826633930206,
        0.3463418781757355,
        0.22831210494041443,
        0.3430115878582001,
        0.5426920056343079,
        0.33271369338035583,
        0.48208028078079224,
        0.33013319969177246,
        0.2779928743839264,
        0.3177650272846222,
        0.26615071296691895,
        0.29644885659217834,
        0.18737033009529114,
        0.3088299036026001,
        0.23275136947631836
    ],
    "training_accuracy": [
        0.4542253613471985,
        0.75,
        0.5899648070335388,
        0.59375,
        0.6297535300254822,
        0.6875,
        0.6825703978538513,
        0.6875,
        0.7382042407989502,
        0.78125,
        0.7630281448364258,
        0.75,
        0.7904929518699646,
        0.78125,
        0.7938380241394043,
        0.8125,
        0.810915470123291,
        0.875,
        0.8220070600509644,
        0.84375,
        0.830281674861908,
        0.78125,
        0.8457746505737305,
        0.90625,
        0.8406690359115601,
        0.84375,
        0.8482394218444824,
        0.84375,
        0.8538732528686523,
        0.84375,
        0.8628520965576172,
        0.875,
        0.8637323975563049,
        0.9375,
        0.8672535419464111,
        0.96875,
        0.8732394576072693,
        0.96875,
        0.8700703978538513,
        0.75,
        0.8822183012962341,
        0.84375,
        0.8836267590522766,
        0.9375,
        0.8873239159584045,
        0.90625,
        0.8968309760093689,
        0.96875,
        0.8901408314704895,
        0.90625
    ],
    "validation_loss": [
        0.9473230242729187,
        0.6341531276702881,
        0.8722277879714966,
        0.7257400155067444,
        0.7740272283554077,
        0.35621142387390137,
        0.8324968218803406,
        0.4730527400970459,
        0.6469088792800903,
        0.16245487332344055,
        0.5593048334121704,
        0.1766335666179657,
        0.542944073677063,
        0.15402209758758545,
        0.5663043856620789,
        0.323297917842865,
        0.6854003667831421,
        0.2872823476791382,
        0.4223569929599762,
        0.2740975022315979,
        0.700408399105072,
        0.0712929517030716,
        0.45410585403442383,
        0.1943325698375702,
        0.43522587418556213,
        0.16435229778289795,
        0.5647916197776794,
        0.07563908398151398,
        0.4089779257774353,
        0.11374615132808685,
        0.41198834776878357,
        0.05667736753821373,
        0.428905725479126,
        0.063900887966156,
        0.4201721251010895,
        0.09828801453113556,
        0.3357072174549103,
        0.10129552334547043,
        0.6074715852737427,
        0.026406440883874893,
        0.40086492896080017,
        0.023348191753029823,
        0.3373339772224426,
        0.053216807544231415,
        0.36425548791885376,
        0.0297982320189476,
        0.3301507532596588,
        0.0296098031103611,
        0.30411645770072937,
        0.06951084733009338
    ],
    "validation_accuracy": [
        0.5882812738418579,
        0.9032257795333862,
        0.649218738079071,
        0.8709677457809448,
        0.706250011920929,
        1.0,
        0.721875011920929,
        0.8387096524238586,
        0.780468761920929,
        0.9677419066429138,
        0.7992187738418579,
        1.0,
        0.8062499761581421,
        0.9677419066429138,
        0.770312488079071,
        0.9354838728904724,
        0.7562500238418579,
        0.9032257795333862,
        0.8421875238418579,
        0.9032257795333862,
        0.7749999761581421,
        1.0,
        0.836718738079071,
        0.9354838728904724,
        0.8414062261581421,
        0.9354838728904724,
        0.7875000238418579,
        1.0,
        0.867968738079071,
        0.9677419066429138,
        0.8656250238418579,
        0.9677419066429138,
        0.8382812738418579,
        0.9677419066429138,
        0.84375,
        0.9677419066429138,
        0.8804687261581421,
        0.9677419066429138,
        0.819531261920929,
        1.0,
        0.8609374761581421,
        1.0,
        0.875781238079071,
        1.0,
        0.8812500238418579,
        1.0,
        0.8812500238418579,
        1.0,
        0.8929687738418579,
        0.9677419066429138
    ],
    "training_time": 2896.2634973526,
    "model_params": {
        "num_conv_layers": 3,
        "filter_base": 32,
        "dense_units": 128,
        "l1_regularization": 1e-07,
        "IMG_SIZE": 256,
        "num_classes": 4,
        "total_parameters": 16871108
    },
    "test_loss": 0.29102855920791626,
    "test_accuracy": 0.8954996466636658
}