{"accuracy": [0.4018506407737732, 0.5, 0.5137695670127869, 0.375, 0.574796199798584, 0.53125, 0.6369244456291199, 0.4375, 0.6677682399749756, 0.6875, 0.6801057457923889, 0.6875, 0.6950870156288147, 0.625, 0.7160167694091797, 0.78125, 0.7270323634147644, 0.65625, 0.7387089729309082, 0.6875, 0.7600793242454529, 0.8125, 0.7618418335914612, 0.78125, 0.7750605940818787, 0.8125, 0.7836527824401855, 0.8125, 0.797973096370697, 0.6875, 0.8098700046539307, 0.6875, 0.8244106769561768, 0.8125, 0.8285965919494629, 0.875, 0.8435778617858887, 0.8125, 0.8446794152259827, 0.875, 0.8539325594902039, 0.875, 0.8517294526100159, 0.8125, 0.8638466596603394, 0.84375, 0.8578982353210449, 0.84375, 0.8616435527801514, 0.9375], "val_accuracy": [0.3660714328289032, 0.3333333432674408, 0.42767858505249023, 0.3333333432674408, 0.4446428716182709, 0.5714285969734192, 0.5178571343421936, 0.761904776096344, 0.5375000238418579, 0.380952388048172, 0.5919643044471741, 0.7142857313156128, 0.5857142806053162, 0.6666666865348816, 0.6080357432365417, 0.5714285969734192, 0.6303571462631226, 0.6666666865348816, 0.6294642686843872, 0.7142857313156128, 0.6901785731315613, 0.523809552192688, 0.6732142567634583, 0.6190476417541504, 0.675000011920929, 0.761904776096344, 0.6732142567634583, 0.7142857313156128, 0.6660714149475098, 0.6190476417541504, 0.6785714030265808, 0.7142857313156128, 0.6267856955528259, 0.6190476417541504, 0.737500011920929, 0.761904776096344, 0.7285714149475098, 0.8571428656578064, 0.7401785850524902, 0.4285714328289032, 0.7723214030265808, 0.6666666865348816, 0.7526785731315613, 0.8095238208770752, 0.7857142686843872, 0.8095238208770752, 0.7633928656578064, 0.6190476417541504, 0.7928571701049805, 0.8095238208770752], "loss": [1.2271578311920166, 0.9898168444633484, 1.0294357538223267, 1.1434999704360962, 0.9419409036636353, 1.1560461521148682, 0.8520789742469788, 1.0919554233551025, 0.7976313233375549, 0.8034181594848633, 0.7617729306221008, 0.7320899367332458, 0.7460117936134338, 0.8044562339782715, 0.68794846534729, 0.658612847328186, 0.6668575406074524, 0.723941445350647, 0.6417644023895264, 0.7945271134376526, 0.5969206690788269, 0.5996516942977905, 0.5962629914283752, 0.8649626970291138, 0.572383463382721, 0.4816776514053345, 0.5478139519691467, 0.4177508056163788, 0.5232838988304138, 0.7437137961387634, 0.49868959188461304, 0.7085686326026917, 0.47758665680885315, 0.5468418598175049, 0.4696948230266571, 0.38643407821655273, 0.4252863824367523, 0.5705711841583252, 0.4250679910182953, 0.5335829854011536, 0.4083128869533539, 0.3277377784252167, 0.4059411585330963, 0.3988591432571411, 0.3864797353744507, 0.4499950110912323, 0.3758985102176666, 0.44438421726226807, 0.3758474588394165, 0.29835736751556396], "val_loss": [1.2735588550567627, 1.223168134689331, 1.3274692296981812, 1.3183531761169434, 1.273361325263977, 1.0698648691177368, 1.2045588493347168, 1.0865044593811035, 1.1503409147262573, 1.2662774324417114, 1.0834466218948364, 0.5953255295753479, 1.0736092329025269, 1.2989082336425781, 1.0345141887664795, 1.4164727926254272, 0.9893175363540649, 0.9541419744491577, 0.9548088312149048, 1.0196868181228638, 0.9161669015884399, 1.0858129262924194, 0.9326822757720947, 1.3101876974105835, 0.9225273132324219, 0.6977147459983826, 0.9471879005432129, 0.7396332025527954, 0.9279026389122009, 1.328019142150879, 0.9124605655670166, 1.1579228639602661, 1.0066767930984497, 1.063950538635254, 0.777998149394989, 0.5415728688240051, 0.8320698142051697, 0.6178162693977356, 0.7719678282737732, 1.1741881370544434, 0.7048317193984985, 0.9546730518341064, 0.7560948133468628, 0.6162531971931458, 0.6563518643379211, 0.5163923501968384, 0.7370189428329468, 0.9987009763717651, 0.6587665677070618, 0.8607338666915894], "training_time": 518.9816739559174}