{"accuracy": [0.4664022922515869, 0.6875, 0.6369244456291199, 0.5, 0.6783432364463806, 0.71875, 0.7362855076789856, 0.75, 0.7812293171882629, 0.78125, 0.812734067440033, 0.875, 0.8374091386795044, 0.90625, 0.8402732014656067, 0.96875, 0.8556950688362122, 0.8125, 0.8719982504844666, 0.84375, 0.8781669735908508, 0.875, 0.8911654353141785, 0.8125, 0.8931482434272766, 0.8125, 0.8990967273712158, 1.0, 0.9087904691696167, 0.90625], "val_accuracy": [0.4437499940395355, 0.2857142984867096, 0.5535714030265808, 0.4761904776096344, 0.5357142686843872, 0.7142857313156128, 0.65625, 0.8571428656578064, 0.6642857193946838, 0.5714285969734192, 0.7303571701049805, 0.8095238208770752, 0.7124999761581421, 0.7142857313156128, 0.7473214268684387, 0.9047619104385376, 0.7116071581840515, 0.6190476417541504, 0.7848214507102966, 0.761904776096344, 0.7803571224212646, 0.8571428656578064, 0.7669642567634583, 0.8095238208770752, 0.7848214507102966, 0.9047619104385376, 0.7580357193946838, 0.8095238208770752, 0.7928571701049805, 0.9047619104385376], "loss": [1.1310484409332275, 0.7608456611633301, 0.8666617274284363, 1.1680982112884521, 0.7618030905723572, 0.9623295664787292, 0.6495400667190552, 0.5731459856033325, 0.5728701949119568, 0.6789038777351379, 0.4921262264251709, 0.3339133560657501, 0.44581279158592224, 0.20145180821418762, 0.42646774649620056, 0.21151340007781982, 0.3898334503173828, 0.6110458970069885, 0.3491688370704651, 0.3950844705104828, 0.3201909065246582, 0.3801015615463257, 0.30527883768081665, 0.43831712007522583, 0.3071482181549072, 0.3244374990463257, 0.29179278016090393, 0.13755622506141663, 0.2546217143535614, 0.2307155728340149], "val_loss": [1.2265148162841797, 1.6049200296401978, 1.2881475687026978, 1.7252957820892334, 1.3337206840515137, 0.7354710698127747, 1.0030845403671265, 0.6435711979866028, 0.9227068424224854, 1.168135643005371, 0.7688882946968079, 0.5109688639640808, 0.7615528106689453, 0.6276065111160278, 0.7011699676513672, 0.2955946624279022, 0.8224042654037476, 1.1458979845046997, 0.6294247508049011, 0.6321231126785278, 0.6246553063392639, 0.44990938901901245, 0.7477335929870605, 0.5578122138977051, 0.6991519331932068, 0.2029607594013214, 0.7081467509269714, 0.4280824065208435, 0.6246321797370911, 0.23489505052566528], "total_filters": 448, "total_params": 2468612, "training_time": 295.51035141944885}