{"accuracy": [0.46309760212898254, 0.5, 0.5880149602890015, 0.59375, 0.6519057154655457, 0.53125, 0.6796651482582092, 0.75, 0.7254902124404907, 0.5625, 0.7439965009689331, 0.59375, 0.7739590406417847, 0.8125, 0.785194993019104, 0.6875, 0.8039215803146362, 0.875, 0.8230887651443481, 0.78125, 0.8332231640815735, 0.6875, 0.8424763083457947, 0.8125, 0.833663821220398, 0.6875, 0.8605419993400574, 0.8125, 0.8614231944084167, 0.75, 0.8629654049873352, 0.96875, 0.8722185492515564, 0.8125, 0.8660497665405273, 0.875, 0.8814716935157776, 0.9375, 0.8894029259681702, 0.9375, 0.8827935457229614, 0.8125, 0.8860982656478882, 0.9375, 0.8887420296669006, 0.8125, 0.8929279446601868, 0.84375, 0.9017404913902283, 0.96875], "val_accuracy": [0.4357142746448517, 0.380952388048172, 0.44999998807907104, 0.2857142984867096, 0.5383928418159485, 0.4761904776096344, 0.5910714268684387, 0.5714285969734192, 0.5785714387893677, 0.7142857313156128, 0.6330357193946838, 0.7142857313156128, 0.6678571701049805, 0.6666666865348816, 0.6517857313156128, 0.6666666865348816, 0.6705357432365417, 0.6666666865348816, 0.6794642806053162, 0.4761904776096344, 0.71875, 0.8095238208770752, 0.7482143044471741, 0.5714285969734192, 0.6660714149475098, 0.8095238208770752, 0.7517856955528259, 0.8095238208770752, 0.7276785969734192, 0.7142857313156128, 0.7419642806053162, 0.761904776096344, 0.7714285850524902, 0.7142857313156128, 0.7821428775787354, 0.8571428656578064, 0.7723214030265808, 0.6666666865348816, 0.7901785969734192, 0.7142857313156128, 0.7116071581840515, 0.9047619104385376, 0.8062499761581421, 0.6666666865348816, 0.7705357074737549, 0.7142857313156128, 0.8053571581840515, 0.9047619104385376, 0.7955357432365417, 0.8571428656578064], "loss": [1.1367206573486328, 0.9815223217010498, 0.9345619082450867, 0.7406074404716492, 0.8387258648872375, 0.970720648765564, 0.7624795436859131, 0.6040005087852478, 0.6850997805595398, 1.0453546047210693, 0.6534355282783508, 1.1283913850784302, 0.5875803828239441, 0.6440040469169617, 0.5567227602005005, 0.6542707681655884, 0.5191136598587036, 0.45463016629219055, 0.47885221242904663, 0.6388670206069946, 0.4630800783634186, 0.5080214738845825, 0.43220001459121704, 0.5295608043670654, 0.44204089045524597, 0.5739622712135315, 0.3850180506706238, 0.5318040251731873, 0.36459189653396606, 0.4876467287540436, 0.3770335018634796, 0.20072509348392487, 0.35130417346954346, 0.5329520106315613, 0.3639480173587799, 0.3686664402484894, 0.3346174657344818, 0.20712096989154816, 0.31182748079299927, 0.31983527541160583, 0.3183484673500061, 0.5064032077789307, 0.32111284136772156, 0.24867406487464905, 0.2988404333591461, 0.31722187995910645, 0.29093897342681885, 0.38914889097213745, 0.27052053809165955, 0.17975126206874847], "val_loss": [1.267358422279358, 1.5541967153549194, 1.2190016508102417, 1.7649564743041992, 1.2824066877365112, 1.014657735824585, 1.09919011592865, 1.1844855546951294, 1.0868231058120728, 1.131223440170288, 1.007649302482605, 0.9288938641548157, 0.9695553183555603, 1.0997861623764038, 0.9159092307090759, 0.8514836430549622, 0.9261782765388489, 1.0348589420318604, 0.8811396360397339, 1.0085854530334473, 0.8193984031677246, 0.47748857736587524, 0.7893834710121155, 1.410935878753662, 0.9667111039161682, 0.5381506085395813, 0.7406094074249268, 0.7191817164421082, 0.8098183274269104, 0.5638185739517212, 0.7823889851570129, 0.7196622490882874, 0.7149624824523926, 0.7146118879318237, 0.6165961623191833, 0.836273193359375, 0.7132084965705872, 1.2283127307891846, 0.6530120372772217, 0.6292621493339539, 0.7915681600570679, 0.37072664499282837, 0.6019129753112793, 0.957322895526886, 0.6891708374023438, 0.5427074432373047, 0.6205517649650574, 0.3217776417732239, 0.6134656071662903, 0.5927524566650391], "total_filters": 112}