{"accuracy": [0.4174928367137909, 0.53125, 0.593743085861206, 0.75, 0.6794447898864746, 0.5625, 0.7343026995658875, 0.8125, 0.7902621626853943, 0.78125, 0.8059043884277344, 0.8125, 0.8495263457298279, 0.84375, 0.8603216409683228, 0.78125, 0.866270124912262, 0.90625, 0.8786076307296753, 0.78125, 0.8916060924530029, 0.9375, 0.8922670483589172, 0.96875, 0.8993170261383057, 0.9375, 0.9052654504776001, 0.90625, 0.9184842705726624, 0.90625], "val_accuracy": [0.43839284777641296, 0.4285714328289032, 0.5035714507102966, 0.4761904776096344, 0.6241071224212646, 0.6190476417541504, 0.6892856955528259, 0.761904776096344, 0.6830357313156128, 0.6190476417541504, 0.7223214507102966, 0.761904776096344, 0.7535714507102966, 0.8571428656578064, 0.7660714387893677, 0.761904776096344, 0.7776785492897034, 0.761904776096344, 0.7401785850524902, 0.8571428656578064, 0.7919642925262451, 0.9047619104385376, 0.800000011920929, 0.8571428656578064, 0.8071428537368774, 0.8095238208770752, 0.8339285850524902, 0.8571428656578064, 0.7919642925262451, 0.8571428656578064], "loss": [1.2015599012374878, 1.0869556665420532, 0.9154257774353027, 0.6028483510017395, 0.780151903629303, 0.9174997806549072, 0.673025906085968, 0.5194529294967651, 0.5525676608085632, 0.5577021241188049, 0.5036628842353821, 0.658467173576355, 0.40950173139572144, 0.5028578042984009, 0.38716936111450195, 0.6538174152374268, 0.3628067076206207, 0.34529054164886475, 0.34448254108428955, 0.4768943190574646, 0.3010851740837097, 0.1670117825269699, 0.29370543360710144, 0.13441202044487, 0.28041747212409973, 0.3920825719833374, 0.25979241728782654, 0.17584285140037537, 0.2363620400428772, 0.2563464939594269], "val_loss": [1.2477771043777466, 1.1681599617004395, 1.188170075416565, 1.157813549041748, 0.9857248663902283, 0.9047392010688782, 0.8304387331008911, 0.6307599544525146, 0.8919795751571655, 1.5927280187606812, 0.7796410322189331, 0.5236523747444153, 0.7247138619422913, 0.4546608626842499, 0.6561107635498047, 0.3984558880329132, 0.6296531558036804, 0.9200312495231628, 0.7144508957862854, 0.40934059023857117, 0.6098130345344543, 0.2670854926109314, 0.5397753119468689, 0.3964908719062805, 0.5696714520454407, 0.660362958908081, 0.5505896210670471, 0.3979661464691162, 0.6316747665405273, 0.5161116719245911], "total_filters": 896, "total_params": 5673860, "training_time": 305.9583532810211}