{"accuracy": [0.40846002101898193, 0.46875, 0.5536462068557739, 0.625, 0.6615994572639465, 0.71875, 0.7157964110374451, 0.84375, 0.7845340371131897, 0.9375, 0.8164793848991394, 0.84375, 0.8570169806480408, 0.875, 0.8680326342582703, 0.90625, 0.8678122758865356, 0.90625, 0.8805904388427734, 0.875, 0.8979951739311218, 0.90625, 0.9017404913902283, 0.90625, 0.9140779972076416, 1.0, 0.9092311263084412, 0.8125, 0.9173826575279236, 0.9375, 0.9259749054908752, 0.9375, 0.9253139495849609, 0.8125, 0.9261952042579651, 0.96875, 0.9301608204841614, 1.0, 0.9301608204841614, 0.96875, 0.9290592670440674, 0.96875, 0.9365499019622803, 0.875, 0.9407358169555664, 0.9375, 0.945362389087677, 0.90625, 0.943159282207489, 1.0], "val_accuracy": [0.375, 0.3333333432674408, 0.4482142925262451, 0.6666666865348816, 0.5928571224212646, 0.6190476417541504, 0.6758928298950195, 0.6666666865348816, 0.7169643044471741, 0.7142857313156128, 0.7142857313156128, 0.6190476417541504, 0.7383928298950195, 0.9047619104385376, 0.7767857313156128, 0.8571428656578064, 0.7741071581840515, 0.6666666865348816, 0.8062499761581421, 0.8095238208770752, 0.8187500238418579, 0.9523809552192688, 0.7946428656578064, 0.8571428656578064, 0.8294642567634583, 0.7142857313156128, 0.8267857432365417, 0.9047619104385376, 0.8196428418159485, 0.7142857313156128, 0.8366071581840515, 0.8571428656578064, 0.8339285850524902, 0.8095238208770752, 0.8142856955528259, 0.8095238208770752, 0.8205357193946838, 0.8571428656578064, 0.8669642806053162, 0.761904776096344, 0.8285714387893677, 0.761904776096344, 0.8464285731315613, 0.9047619104385376, 0.8607142567634583, 0.7142857313156128, 0.8803571462631226, 0.9047619104385376, 0.8482142686843872, 0.8095238208770752], "loss": [1.2229466438293457, 1.0665010213851929, 0.9557158350944519, 0.9719183444976807, 0.8006412982940674, 0.7460428476333618, 0.6873388290405273, 0.4729410409927368, 0.5479556322097778, 0.24255099892616272, 0.47066617012023926, 0.32442647218704224, 0.4019639194011688, 0.3541219234466553, 0.3599049746990204, 0.1816481053829193, 0.3485180139541626, 0.25661811232566833, 0.3166597783565521, 0.36417311429977417, 0.27107706665992737, 0.20602567493915558, 0.272988498210907, 0.33866405487060547, 0.2350456416606903, 0.09802914410829544, 0.24826394021511078, 0.411830872297287, 0.23556098341941833, 0.16443036496639252, 0.20882874727249146, 0.19634972512722015, 0.20557139813899994, 0.39357006549835205, 0.20544758439064026, 0.17775900661945343, 0.1897817850112915, 0.09162113070487976, 0.18748830258846283, 0.09280996024608612, 0.19591857492923737, 0.07535900920629501, 0.18357674777507782, 0.2934616804122925, 0.16226212680339813, 0.18950825929641724, 0.15387526154518127, 0.24931101500988007, 0.16124141216278076, 0.025899365544319153], "val_loss": [1.2971643209457397, 1.1567177772521973, 1.318372368812561, 1.0266313552856445, 1.052931308746338, 0.9833112359046936, 0.9159486889839172, 0.838537871837616, 0.8207396268844604, 0.683325469493866, 0.8020505905151367, 1.62032949924469, 0.8198257088661194, 0.4492841362953186, 0.6652924418449402, 0.571766197681427, 0.6690201759338379, 0.8843705058097839, 0.6195573806762695, 1.1327645778656006, 0.5654725432395935, 0.23872067034244537, 0.6146997213363647, 0.45928043127059937, 0.5350177884101868, 0.6466532945632935, 0.5112292170524597, 0.3758154809474945, 0.6366725564002991, 1.3078031539916992, 0.4826681911945343, 0.5343362092971802, 0.5805934071540833, 0.7677376866340637, 0.5753941535949707, 0.5016387104988098, 0.7056571245193481, 0.3183092474937439, 0.4620676338672638, 0.5374183058738708, 0.6356630325317383, 0.8840221166610718, 0.49249017238616943, 0.43171343207359314, 0.5115648508071899, 0.8485407829284668, 0.4717543423175812, 0.19885210692882538, 0.46746864914894104, 1.086890459060669], "training_time": 515.0896053314209}