{"accuracy": [0.3595505654811859, 0.59375, 0.5351399183273315, 0.6875, 0.6228244304656982, 0.65625, 0.6983917355537415, 0.71875, 0.7517074346542358, 0.78125, 0.8034809231758118, 0.78125, 0.8365278840065002, 0.90625, 0.8587794899940491, 0.90625, 0.8770654201507568, 0.71875, 0.8935889005661011, 0.875, 0.9096717238426208, 1.0, 0.9061467051506042, 0.875, 0.9145185947418213, 0.9375, 0.9158405065536499, 0.875, 0.9297202229499817, 0.96875, 0.933685839176178, 0.9375, 0.9402952194213867, 0.96875, 0.9407358169555664, 1.0, 0.9469045996665955, 0.90625, 0.9447014927864075, 0.9375, 0.9484468102455139, 0.9375, 0.9499889612197876, 0.96875, 0.9460233449935913, 0.9375, 0.9449217915534973, 0.9375, 0.9449217915534973, 0.9375], "val_accuracy": [0.3821428716182709, 0.3333333432674408, 0.4598214328289032, 0.4761904776096344, 0.5919643044471741, 0.6190476417541504, 0.5508928298950195, 0.4285714328289032, 0.7205356955528259, 0.8095238208770752, 0.7517856955528259, 0.8095238208770752, 0.7482143044471741, 0.7142857313156128, 0.762499988079071, 0.6666666865348816, 0.7071428298950195, 0.8571428656578064, 0.7955357432365417, 0.8095238208770752, 0.8071428537368774, 0.9523809552192688, 0.7446428537368774, 0.7142857313156128, 0.8267857432365417, 0.7142857313156128, 0.8339285850524902, 0.8095238208770752, 0.8392857313156128, 0.7142857313156128, 0.8419643044471741, 0.8571428656578064, 0.8473214507102966, 0.761904776096344, 0.8374999761581421, 0.7142857313156128, 0.8553571701049805, 0.8095238208770752, 0.8473214507102966, 0.8095238208770752, 0.8330357074737549, 0.8571428656578064, 0.8419643044471741, 0.9047619104385376, 0.8428571224212646, 0.8571428656578064, 0.8553571701049805, 0.9047619104385376, 0.8392857313156128, 1.0], "loss": [1.2808703184127808, 0.9275799989700317, 0.9992536306381226, 0.7022672891616821, 0.8420743346214294, 0.6482499241828918, 0.7243313789367676, 0.7853918075561523, 0.6180866956710815, 0.6519973874092102, 0.5173213481903076, 0.45437291264533997, 0.4406226873397827, 0.42848801612854004, 0.38813266158103943, 0.26812195777893066, 0.343086838722229, 0.48422911763191223, 0.29245495796203613, 0.3111809492111206, 0.24948452413082123, 0.09359612315893173, 0.2499292492866516, 0.3118721544742584, 0.22881750762462616, 0.18590305745601654, 0.22833658754825592, 0.2857295274734497, 0.19759145379066467, 0.15995976328849792, 0.17669503390789032, 0.25388437509536743, 0.1644420474767685, 0.08055053651332855, 0.16506479680538177, 0.04892704635858536, 0.15784581005573273, 0.2794998586177826, 0.14927519857883453, 0.16278886795043945, 0.14373166859149933, 0.16656512022018433, 0.13505902886390686, 0.10438862442970276, 0.14433525502681732, 0.1420566737651825, 0.14745721220970154, 0.14399869740009308, 0.14331907033920288, 0.12814825773239136], "val_loss": [1.2855342626571655, 1.2033681869506836, 1.2364991903305054, 1.159247636795044, 1.0982292890548706, 1.2206121683120728, 1.1789171695709229, 1.0098881721496582, 0.7807430624961853, 0.5868057608604431, 0.7020891308784485, 0.4352102279663086, 0.7863134145736694, 0.6635648012161255, 0.6611683368682861, 1.1188607215881348, 0.9014983177185059, 0.45660120248794556, 0.6396996974945068, 0.6885436177253723, 0.5744364857673645, 0.09590816497802734, 0.7976084351539612, 0.5616135597229004, 0.5671087503433228, 1.1995424032211304, 0.557388961315155, 0.5603014826774597, 0.5185773968696594, 1.158113718032837, 0.5803224444389343, 0.2760922312736511, 0.5122088193893433, 0.516297459602356, 0.5696706771850586, 0.572027862071991, 0.5113336443901062, 0.371426522731781, 0.520712673664093, 0.4964074492454529, 0.5850788354873657, 0.2168176770210266, 0.4998568296432495, 0.1381121128797531, 0.5541022419929504, 0.5366623997688293, 0.5234508514404297, 0.3104352653026581, 0.5725200176239014, 0.0307871475815773], "training_time": 647.6611251831055}