{"accuracy": [0.38708966970443726, 0.5625, 0.551663339138031, 0.5625, 0.6589556932449341, 0.6875, 0.7164573669433594, 0.65625, 0.7821105718612671, 0.78125, 0.8153778314590454, 0.71875, 0.8519497513771057, 0.78125, 0.8717779517173767, 0.9375, 0.8821326494216919, 0.9375, 0.8927076458930969, 0.75, 0.9008592367172241, 0.75, 0.9090107679367065, 0.84375, 0.9180436134338379, 0.90625, 0.920026421546936, 0.90625, 0.923110842704773, 0.9375, 0.9235514402389526, 0.875, 0.9323639273643494, 1.0, 0.940956175327301, 0.90625, 0.9352280497550964, 1.0, 0.9485034942626953, 0.8888888955116272, 0.9464640021324158, 0.84375, 0.9433795809745789, 0.90625, 0.9526327252388, 0.90625, 0.9521921277046204, 0.9375, 0.9565983414649963, 0.9375], "val_accuracy": [0.3839285671710968, 0.3333333432674408, 0.4866071343421936, 0.6666666865348816, 0.5089285969734192, 0.6190476417541504, 0.5660714507102966, 0.523809552192688, 0.7357142567634583, 0.6666666865348816, 0.7151785492897034, 0.7142857313156128, 0.7669642567634583, 0.8571428656578064, 0.7553571462631226, 0.761904776096344, 0.7928571701049805, 0.7142857313156128, 0.7919642925262451, 0.6666666865348816, 0.7973214387893677, 0.761904776096344, 0.8178571462631226, 0.9047619104385376, 0.8125, 0.8571428656578064, 0.8089285492897034, 0.7142857313156128, 0.8321428298950195, 0.7142857313156128, 0.8321428298950195, 0.8571428656578064, 0.8276785612106323, 0.761904776096344, 0.8125, 0.8571428656578064, 0.8571428656578064, 0.8571428656578064, 0.8383928537368774, 0.7142857313156128, 0.8446428775787354, 0.8571428656578064, 0.8544642925262451, 0.9047619104385376, 0.8491071462631226, 0.7142857313156128, 0.8633928298950195, 0.8571428656578064, 0.8616071343421936, 0.8571428656578064], "loss": [1.2399312257766724, 1.0056262016296387, 0.9710155129432678, 0.8487991094589233, 0.804495632648468, 0.7726216912269592, 0.6892536282539368, 0.6334111094474792, 0.5582160353660583, 0.5340230464935303, 0.4957066476345062, 0.5942541360855103, 0.3987889587879181, 0.4862558841705322, 0.3425299823284149, 0.2711426615715027, 0.3145159184932709, 0.17126575112342834, 0.2900179922580719, 0.4962048828601837, 0.27745604515075684, 0.6625046730041504, 0.2491903454065323, 0.35099852085113525, 0.2372240275144577, 0.22128085792064667, 0.22022779285907745, 0.23160305619239807, 0.2066231369972229, 0.07796186953783035, 0.20747387409210205, 0.3009665012359619, 0.18551699817180634, 0.0597301609814167, 0.1753806322813034, 0.2890263795852661, 0.17794793844223022, 0.09150861948728561, 0.15556713938713074, 0.23830002546310425, 0.1488206684589386, 0.26392921805381775, 0.15393584966659546, 0.28694862127304077, 0.13705630600452423, 0.1642031967639923, 0.14074231684207916, 0.1260833740234375, 0.12039218842983246, 0.15103213489055634], "val_loss": [1.26628839969635, 1.4676693677902222, 1.2036648988723755, 0.8997164368629456, 1.1577082872390747, 1.11806321144104, 1.056234359741211, 0.9239276647567749, 0.7560403943061829, 0.6983380317687988, 0.8455250859260559, 0.8951618671417236, 0.7016858458518982, 0.6234328150749207, 0.7340613603591919, 0.4900118112564087, 0.6512683629989624, 0.7082000970840454, 0.6480184197425842, 1.0941574573516846, 0.6408979892730713, 0.5866151452064514, 0.5512760877609253, 0.49498021602630615, 0.5586546659469604, 0.22377845644950867, 0.5491259694099426, 0.5384473204612732, 0.5269888043403625, 1.042284369468689, 0.5201146602630615, 0.7697941064834595, 0.5760414600372314, 0.506915807723999, 0.5775725841522217, 0.36409658193588257, 0.459966778755188, 0.6175543665885925, 0.5436727404594421, 1.184269905090332, 0.5941666960716248, 1.0698869228363037, 0.5226778388023376, 0.27649956941604614, 0.563608705997467, 0.9284260869026184, 0.500357985496521, 0.3806363046169281, 0.5250087380409241, 0.252370148897171], "training_time": 551.0109207630157}