{"accuracy": [0.40846002101898193, 0.46875, 0.5417492985725403, 0.71875, 0.6289931535720825, 0.65625, 0.7191011309623718, 0.71875, 0.7625027298927307, 0.6875, 0.8195638060569763, 0.875, 0.8475435376167297, 0.84375, 0.877946674823761, 0.875, 0.8803701400756836, 0.90625, 0.8766248226165771, 0.90625, 0.8986560702323914, 0.90625, 0.8964529633522034, 0.9375, 0.9120951890945435, 0.9375, 0.9136373400688171, 0.8125, 0.93148273229599, 0.875, 0.9323639273643494, 0.78125, 0.9259749054908752, 1.0, 0.9365499019622803, 1.0, 0.9440405368804932, 1.0, 0.9499889612197876, 0.875, 0.9546155333518982, 1.0, 0.9605640172958374, 0.9375, 0.9550561904907227, 1.0, 0.9623265266418457, 0.96875, 0.9581405520439148, 0.96875], "val_accuracy": [0.37589284777641296, 0.2380952388048172, 0.47232142090797424, 0.4761904776096344, 0.6107142567634583, 0.5714285969734192, 0.6357142925262451, 0.8095238208770752, 0.6499999761581421, 0.7142857313156128, 0.699999988079071, 0.761904776096344, 0.7196428775787354, 0.8571428656578064, 0.768750011920929, 0.6666666865348816, 0.7955357432365417, 0.761904776096344, 0.8071428537368774, 0.8571428656578064, 0.7892857193946838, 0.8571428656578064, 0.8151785731315613, 0.8095238208770752, 0.8071428537368774, 0.6666666865348816, 0.8125, 0.9047619104385376, 0.8517857193946838, 0.7142857313156128, 0.8267857432365417, 0.8571428656578064, 0.8517857193946838, 0.6666666865348816, 0.8517857193946838, 0.9047619104385376, 0.8508928418159485, 0.9047619104385376, 0.8580357432365417, 0.8571428656578064, 0.856249988079071, 0.8571428656578064, 0.8705357313156128, 0.8095238208770752, 0.8758928775787354, 0.9523809552192688, 0.8491071462631226, 0.9047619104385376, 0.8758928775787354, 0.9047619104385376], "loss": [1.221432089805603, 1.1171166896820068, 0.9822643995285034, 0.8393702507019043, 0.8325555324554443, 1.0570001602172852, 0.6797757148742676, 0.6316132545471191, 0.5984674692153931, 0.7479969263076782, 0.47927412390708923, 0.3450317978858948, 0.4153628349304199, 0.32201340794563293, 0.3467971682548523, 0.21080446243286133, 0.3312365710735321, 0.3109058439731598, 0.32186925411224365, 0.23587363958358765, 0.2776883542537689, 0.2805417478084564, 0.2791222035884857, 0.18778042495250702, 0.23392798006534576, 0.13852739334106445, 0.23273865878582, 0.4468473494052887, 0.19494348764419556, 0.3299826979637146, 0.18153679370880127, 0.5030708312988281, 0.1937408745288849, 0.02137463353574276, 0.1695970743894577, 0.07134710252285004, 0.16334420442581177, 0.07831665128469467, 0.1406053602695465, 0.17200914025306702, 0.12645037472248077, 0.0087045319378376, 0.1164049357175827, 0.08825839310884476, 0.11984436213970184, 0.061590176075696945, 0.1015428975224495, 0.11953568458557129, 0.10977411270141602, 0.07525895535945892], "val_loss": [1.2470568418502808, 1.368626594543457, 1.2063854932785034, 1.123549461364746, 1.0143096446990967, 1.019319772720337, 0.9393893480300903, 0.4829249680042267, 0.9428596496582031, 0.7688319087028503, 0.8718723058700562, 0.4460018277168274, 0.8334420919418335, 0.8309166431427002, 0.7804959416389465, 0.7732508778572083, 0.6057641506195068, 0.5281689763069153, 0.5787091255187988, 0.5039672255516052, 0.6484025716781616, 0.45082202553749084, 0.5740783214569092, 0.31915396451950073, 0.66744464635849, 0.9597392082214355, 0.597794234752655, 0.24941150844097137, 0.5351870656013489, 0.4156418442726135, 0.5415073037147522, 0.39951905608177185, 0.5109191536903381, 1.420685052871704, 0.5320184230804443, 0.133015975356102, 0.4815514087677002, 0.3158265948295593, 0.484192818403244, 0.4165543019771576, 0.5223850011825562, 1.0560059547424316, 0.4602194130420685, 0.6812891960144043, 0.4541597068309784, 0.14490802586078644, 0.5417648553848267, 0.26772645115852356, 0.4583529233932495, 0.22306446731090546], "training_time": 584.1119019985199}