{"accuracy": [0.4163912832736969, 0.625, 0.5419695973396301, 0.46875, 0.6554307341575623, 0.71875, 0.7362855076789856, 0.84375, 0.7964309453964233, 0.9375, 0.8277153372764587, 0.90625, 0.8451200723648071, 0.875, 0.8583388328552246, 0.875, 0.8797091841697693, 0.90625, 0.8887420296669006, 0.90625, 0.9008592367172241, 0.875, 0.8986560702323914, 0.90625, 0.9081295728683472, 0.90625, 0.908349871635437, 0.96875, 0.9204670786857605, 0.75, 0.9270764589309692, 0.96875, 0.9301608204841614, 0.96875, 0.9270764589309692, 0.90625, 0.932584285736084, 0.90625, 0.9383124113082886, 0.9375, 0.9332451820373535, 0.90625, 0.9411764740943909, 0.9375, 0.939854621887207, 0.96875, 0.9480061531066895, 0.875, 0.9429389834403992, 0.96875], "val_accuracy": [0.3883928656578064, 0.4285714328289032, 0.48750001192092896, 0.6190476417541504, 0.6017857193946838, 0.6190476417541504, 0.6705357432365417, 0.5714285969734192, 0.6928571462631226, 0.7142857313156128, 0.7526785731315613, 0.8095238208770752, 0.7749999761581421, 0.761904776096344, 0.7866071462631226, 0.761904776096344, 0.8008928298950195, 0.8571428656578064, 0.7973214387893677, 0.761904776096344, 0.7714285850524902, 0.5714285969734192, 0.7767857313156128, 0.9047619104385376, 0.8258928656578064, 0.8571428656578064, 0.8214285969734192, 0.9047619104385376, 0.8428571224212646, 0.761904776096344, 0.8491071462631226, 0.8095238208770752, 0.8223214149475098, 0.8571428656578064, 0.8544642925262451, 0.9523809552192688, 0.8232142925262451, 0.8571428656578064, 0.8473214507102966, 0.6190476417541504, 0.8651785850524902, 0.761904776096344, 0.8651785850524902, 0.761904776096344, 0.8696428537368774, 0.9523809552192688, 0.8678571581840515, 0.8095238208770752, 0.8857142925262451, 0.9523809552192688], "loss": [1.1952322721481323, 0.8917494416236877, 0.973373532295227, 0.9753243923187256, 0.8066003322601318, 0.6650993227958679, 0.665960431098938, 0.4497219920158386, 0.5319958925247192, 0.31610098481178284, 0.4727267026901245, 0.2040603905916214, 0.4081718623638153, 0.2347930520772934, 0.3709629476070404, 0.24512086808681488, 0.32076188921928406, 0.22667086124420166, 0.30928531289100647, 0.25427374243736267, 0.27601367235183716, 0.37655848264694214, 0.2816171944141388, 0.23704423010349274, 0.2602764964103699, 0.22893905639648438, 0.24284838140010834, 0.15592019259929657, 0.21807806193828583, 0.5704237222671509, 0.2128531038761139, 0.09647116810083389, 0.18723011016845703, 0.11800939589738846, 0.1989133358001709, 0.24800953269004822, 0.188776895403862, 0.24153119325637817, 0.17546364665031433, 0.18789084255695343, 0.18540312349796295, 0.23765674233436584, 0.16347412765026093, 0.1818343549966812, 0.167446106672287, 0.10039258003234863, 0.1507258266210556, 0.2480170726776123, 0.16424643993377686, 0.09252443164587021], "val_loss": [1.2527467012405396, 1.3239549398422241, 1.2692699432373047, 0.8633459806442261, 1.1510123014450073, 1.161149501800537, 0.8731204867362976, 1.2968419790267944, 0.9289324879646301, 0.9037933349609375, 0.758453905582428, 0.8757271766662598, 0.6920862197875977, 0.6248507499694824, 0.6633978486061096, 0.5831155776977539, 0.627846896648407, 0.29114454984664917, 0.5987259149551392, 0.8001607060432434, 0.7980120182037354, 1.4424999952316284, 0.6675007343292236, 0.3022470474243164, 0.500163733959198, 0.3970829248428345, 0.5252326130867004, 0.292197585105896, 0.5434108376502991, 0.7518722414970398, 0.5125420689582825, 0.4465281069278717, 0.5400224328041077, 0.7313803434371948, 0.4778287708759308, 0.370928019285202, 0.6087039709091187, 0.5121222138404846, 0.5754396319389343, 0.981692910194397, 0.43259885907173157, 0.8173125386238098, 0.4489397406578064, 0.5346964597702026, 0.49902233481407166, 0.21664345264434814, 0.4228283762931824, 0.5064873695373535, 0.4123486578464508, 0.22009538114070892], "training_time": 513.1036040782928}