{"accuracy": [0.48292574286460876, 0.71875, 0.6129103302955627, 0.75, 0.6785635352134705, 0.625, 0.7160167694091797, 0.71875, 0.7717558741569519, 0.84375, 0.7990747094154358, 0.84375, 0.8147168755531311, 0.8125, 0.8550341725349426, 0.65625, 0.8563560247421265, 0.78125, 0.8715575933456421, 0.875, 0.8775060772895813, 0.875, 0.8689138293266296, 0.75, 0.8944701552391052, 0.78125, 0.8938091993331909, 0.875, 0.8944701552391052, 0.9375], "val_accuracy": [0.4571428596973419, 0.2857142984867096, 0.5062500238418579, 0.4285714328289032, 0.6330357193946838, 0.6190476417541504, 0.65625, 0.523809552192688, 0.6901785731315613, 0.6666666865348816, 0.7026785612106323, 0.6190476417541504, 0.7410714030265808, 0.523809552192688, 0.6732142567634583, 0.6190476417541504, 0.6473214030265808, 0.523809552192688, 0.762499988079071, 0.8095238208770752, 0.7642857432365417, 0.7142857313156128, 0.7955357432365417, 0.9047619104385376, 0.8008928298950195, 0.8571428656578064, 0.78125, 0.761904776096344, 0.7821428775787354, 0.9047619104385376], "loss": [1.1155579090118408, 0.8262999057769775, 0.8901918530464172, 0.6879721879959106, 0.786570131778717, 0.9400125741958618, 0.6963883638381958, 0.6685247421264648, 0.5931740403175354, 0.5405372381210327, 0.5176977515220642, 0.4457578659057617, 0.5005260705947876, 0.5363917946815491, 0.41517698764801025, 0.740678071975708, 0.3911782205104828, 0.6027381420135498, 0.35139867663383484, 0.41885292530059814, 0.3411657512187958, 0.34005239605903625, 0.3481990098953247, 0.5738124847412109, 0.29238855838775635, 0.40087103843688965, 0.28406891226768494, 0.29193568229675293, 0.28732985258102417, 0.2222900539636612], "val_loss": [1.2822235822677612, 1.4358562231063843, 1.2186676263809204, 1.2939614057540894, 0.9922127723693848, 1.1168462038040161, 0.9598098993301392, 0.7909457087516785, 0.8437698483467102, 1.0404603481292725, 0.7897306680679321, 1.4337401390075684, 0.7533794045448303, 0.8926693201065063, 0.90668785572052, 1.0393718481063843, 0.9821149706840515, 1.1592867374420166, 0.6591323614120483, 0.37845584750175476, 0.7068036794662476, 0.7541050910949707, 0.654173731803894, 0.24099314212799072, 0.5920938849449158, 0.57347571849823, 0.6685310006141663, 0.4048372507095337, 0.6858188509941101, 0.2996930480003357], "total_filters": 224, "total_params": 1142468, "training_time": 256.7972722053528}