{"accuracy": [0.45450538396835327, 0.59375, 0.6118087768554688, 0.6875, 0.6679885387420654, 0.78125, 0.7164573669433594, 0.71875, 0.7834324836730957, 0.6875, 0.8039215803146362, 0.84375, 0.8204450607299805, 0.8125, 0.8473231792449951, 0.90625, 0.8660497665405273, 0.84375, 0.8649482131004333, 0.96875, 0.8812513947486877, 0.875, 0.8858779668807983, 0.84375, 0.88411545753479, 0.96875, 0.8918263912200928, 0.90625, 0.898876428604126, 0.875], "val_accuracy": [0.4508928656578064, 0.2857142984867096, 0.5741071701049805, 0.523809552192688, 0.6053571701049805, 0.523809552192688, 0.668749988079071, 0.6666666865348816, 0.6785714030265808, 0.8095238208770752, 0.699999988079071, 0.523809552192688, 0.7071428298950195, 0.761904776096344, 0.75, 0.8095238208770752, 0.7517856955528259, 0.761904776096344, 0.7875000238418579, 0.8095238208770752, 0.7883928418159485, 0.761904776096344, 0.7982142567634583, 0.9047619104385376, 0.7991071343421936, 0.9047619104385376, 0.7758928537368774, 0.8095238208770752, 0.78125, 0.761904776096344], "loss": [1.1548289060592651, 0.9037274122238159, 0.9007266163825989, 0.811447024345398, 0.7875989079475403, 0.6082234978675842, 0.6901882886886597, 0.5913326740264893, 0.5815915465354919, 0.965306282043457, 0.5204477906227112, 0.40330737829208374, 0.4781181514263153, 0.46169352531433105, 0.42055800557136536, 0.300437867641449, 0.3830871880054474, 0.4929826259613037, 0.36228883266448975, 0.2386663854122162, 0.32787761092185974, 0.3797641098499298, 0.30859503149986267, 0.4800224304199219, 0.3173027038574219, 0.13546188175678253, 0.2904817461967468, 0.18121938407421112, 0.2790580689907074, 0.31192827224731445], "val_loss": [1.2507096529006958, 1.7657724618911743, 1.1153621673583984, 1.2042489051818848, 1.1207942962646484, 1.220613718032837, 0.9006676077842712, 0.7792654633522034, 0.8678073287010193, 0.7931329011917114, 0.8754758834838867, 1.0007156133651733, 0.8359465599060059, 0.6356870532035828, 0.7128822803497314, 0.6312559843063354, 0.6913390755653381, 0.5815428495407104, 0.6438630819320679, 0.9235003590583801, 0.6718131899833679, 0.9285620450973511, 0.632296621799469, 0.2644908130168915, 0.5974199771881104, 0.3868716061115265, 0.7432172894477844, 0.6302538514137268, 0.6759890913963318, 0.6530877947807312], "total_filters": 1792, "total_params": 14296196, "training_time": 356.5318081378937}