{"accuracy": [0.44789600372314453, 0.40625, 0.595725953578949, 0.6875, 0.6576338410377502, 0.6875, 0.707424521446228, 0.71875, 0.7406917810440063, 0.78125, 0.7796871662139893, 0.71875, 0.7953293919563293, 0.8125, 0.8180215954780579, 0.84375, 0.828376293182373, 0.78125, 0.8554747700691223, 0.90625, 0.8618638515472412, 0.90625, 0.8770654201507568, 0.9375, 0.877946674823761, 0.9375, 0.8792685866355896, 0.96875, 0.8951311111450195, 0.9375, 0.8962326645851135, 0.96875, 0.9061467051506042, 0.875, 0.903282642364502, 0.9375, 0.9050451517105103, 0.90625, 0.9145185947418213, 0.9375, 0.9109936356544495, 0.9375, 0.917823314666748, 0.875, 0.9224498867988586, 0.96875, 0.9213483333587646, 0.90625, 0.9237717390060425, 0.96875], "val_accuracy": [0.5017856955528259, 0.380952388048172, 0.5883928537368774, 0.5714285969734192, 0.5669642686843872, 0.6666666865348816, 0.6044642925262451, 0.5714285969734192, 0.6696428656578064, 0.7142857313156128, 0.6508928537368774, 0.6666666865348816, 0.7116071581840515, 0.761904776096344, 0.6901785731315613, 0.6190476417541504, 0.7285714149475098, 0.761904776096344, 0.75, 0.761904776096344, 0.7526785731315613, 0.8571428656578064, 0.7901785969734192, 0.8571428656578064, 0.7464285492897034, 0.7142857313156128, 0.800000011920929, 0.7142857313156128, 0.7901785969734192, 0.6190476417541504, 0.7973214387893677, 0.8095238208770752, 0.800000011920929, 0.7142857313156128, 0.8116071224212646, 0.9047619104385376, 0.8160714507102966, 0.8571428656578064, 0.7928571701049805, 0.8571428656578064, 0.8169642686843872, 0.8571428656578064, 0.8214285969734192, 0.8571428656578064, 0.8258928656578064, 0.8095238208770752, 0.8214285969734192, 0.8095238208770752, 0.8419643044471741, 0.7142857313156128], "loss": [1.1606695652008057, 1.2401726245880127, 0.9126074314117432, 0.7527180910110474, 0.8095799684524536, 0.8506794571876526, 0.7120206356048584, 0.6251588463783264, 0.6594728231430054, 0.49945080280303955, 0.5843202471733093, 0.5657982230186462, 0.5410242080688477, 0.5136988759040833, 0.48659124970436096, 0.4062098562717438, 0.46617159247398376, 0.5016675591468811, 0.4055205285549164, 0.2851462960243225, 0.3799494504928589, 0.3715222477912903, 0.3421967625617981, 0.20652680099010468, 0.3332793116569519, 0.28408628702163696, 0.3320128917694092, 0.20232638716697693, 0.2960415780544281, 0.13854056596755981, 0.2912399172782898, 0.1786087304353714, 0.2753041684627533, 0.5289081931114197, 0.2711053192615509, 0.21291965246200562, 0.2607908248901367, 0.3403547406196594, 0.23801803588867188, 0.1618625819683075, 0.24274387955665588, 0.2329716980457306, 0.2292471081018448, 0.4186229109764099, 0.21769273281097412, 0.15252754092216492, 0.21759028732776642, 0.2318904548883438, 0.214130237698555, 0.13020694255828857], "val_loss": [1.2421095371246338, 1.352271318435669, 1.1424592733383179, 1.1241896152496338, 1.0765230655670166, 0.866875410079956, 1.0714839696884155, 1.0430017709732056, 0.953016459941864, 1.3128256797790527, 0.8954428434371948, 1.0563894510269165, 0.8209447264671326, 0.6143487095832825, 0.8335707187652588, 0.9803186058998108, 0.7360499501228333, 0.4961682856082916, 0.7164730429649353, 0.7187138199806213, 0.7175686955451965, 0.4328171908855438, 0.6031641364097595, 0.4330134689807892, 0.7324111461639404, 0.7787284851074219, 0.63344806432724, 0.7607158422470093, 0.6322977542877197, 1.015291690826416, 0.6438425183296204, 1.0526750087738037, 0.6149135828018188, 0.7328764200210571, 0.5731762647628784, 0.4732559323310852, 0.6115484237670898, 0.516673743724823, 0.6442096829414368, 0.3273518681526184, 0.6299297213554382, 0.28615882992744446, 0.6367765069007874, 0.4179918169975281, 0.5535107851028442, 0.7271738052368164, 0.5738591551780701, 0.7349214553833008, 0.4759606420993805, 0.6065758466720581], "training_time": 471.780335187912}