{"accuracy": [0.441506952047348, 0.65625, 0.5935227870941162, 0.5625, 0.6278916001319885, 0.625, 0.641110360622406, 0.5625, 0.6655650734901428, 0.6875, 0.6591760516166687, 0.8125, 0.6807667016983032, 0.75, 0.6886979341506958, 0.75, 0.6955276727676392, 0.75, 0.6915619969367981, 0.6875, 0.6909011006355286, 0.625, 0.7016963958740234, 0.6875, 0.6994932889938354, 0.8125, 0.7146948575973511, 0.65625, 0.7094073295593262, 0.6875, 0.7270323634147644, 0.625, 0.7257105112075806, 0.75, 0.7323943376541138, 0.7037037014961243, 0.7327605485916138, 0.75, 0.7475214600563049, 0.625, 0.7495042681694031, 0.75, 0.744216799736023, 0.75, 0.7444370985031128, 0.6875, 0.754791796207428, 0.6875, 0.7616214752197266, 0.625], "val_accuracy": [0.4553571343421936, 0.380952388048172, 0.5285714268684387, 0.5714285969734192, 0.5294643044471741, 0.6666666865348816, 0.5392857193946838, 0.523809552192688, 0.5508928298950195, 0.3333333432674408, 0.5383928418159485, 0.4285714328289032, 0.574999988079071, 0.5714285969734192, 0.5285714268684387, 0.5714285969734192, 0.5580357313156128, 0.6190476417541504, 0.5571428537368774, 0.3333333432674408, 0.5330356955528259, 0.4761904776096344, 0.5723214149475098, 0.761904776096344, 0.6071428656578064, 0.6190476417541504, 0.6348214149475098, 0.6190476417541504, 0.6142857074737549, 0.6666666865348816, 0.5928571224212646, 0.5714285969734192, 0.5633928775787354, 0.5714285969734192, 0.6026785969734192, 0.523809552192688, 0.5910714268684387, 0.8095238208770752, 0.6241071224212646, 0.8571428656578064, 0.6160714030265808, 0.4285714328289032, 0.6294642686843872, 0.761904776096344, 0.6330357193946838, 0.6666666865348816, 0.6285714507102966, 0.7142857313156128, 0.6580356955528259, 0.7142857313156128], "loss": [1.2792680263519287, 0.8863717317581177, 0.9409564733505249, 0.8772820234298706, 0.8862683773040771, 0.7896726727485657, 0.8460522294044495, 0.9301967024803162, 0.807604968547821, 0.7862100601196289, 0.7993743419647217, 0.6452111601829529, 0.782978355884552, 0.554729700088501, 0.7667040228843689, 0.7170568704605103, 0.7426328659057617, 0.632635235786438, 0.761387288570404, 0.5868099331855774, 0.7388820648193359, 0.8353372812271118, 0.7334702014923096, 0.662440299987793, 0.7206800580024719, 0.5672154426574707, 0.6993377208709717, 0.7456002235412598, 0.7003213167190552, 0.8341017365455627, 0.6770082712173462, 0.8552833795547485, 0.6649702787399292, 0.6207213997840881, 0.661665141582489, 0.6958122849464417, 0.6547462940216064, 0.5605477094650269, 0.6314305663108826, 0.8088476657867432, 0.6376943588256836, 0.452006071805954, 0.6361418962478638, 0.6590269804000854, 0.6291600465774536, 0.627608060836792, 0.6057037115097046, 0.5771306753158569, 0.6063359975814819, 0.8167028427124023], "val_loss": [1.2384804487228394, 1.1782457828521729, 1.1823750734329224, 0.8209559321403503, 1.1867221593856812, 1.0020942687988281, 1.1931934356689453, 1.3950120210647583, 1.147179365158081, 1.250723123550415, 1.1951152086257935, 1.5367822647094727, 1.10116708278656, 1.5652527809143066, 1.1774804592132568, 1.127448320388794, 1.1026302576065063, 1.0469437837600708, 1.1396198272705078, 1.518760323524475, 1.1794562339782715, 1.2136837244033813, 1.0214464664459229, 0.8948173522949219, 1.003639817237854, 1.1571301221847534, 1.0324212312698364, 0.888367772102356, 1.0237523317337036, 0.7162534594535828, 1.0729151964187622, 1.2659852504730225, 1.1785396337509155, 1.2007272243499756, 1.0538828372955322, 1.3928953409194946, 1.0474005937576294, 0.5996594429016113, 1.042903184890747, 0.4563245177268982, 1.011380672454834, 0.998376190662384, 0.9776054620742798, 0.8298052549362183, 0.9781867861747742, 0.8492169976234436, 1.0184270143508911, 1.0605266094207764, 0.9521400332450867, 0.7727073431015015], "training_time": 452.60974645614624}