{"accuracy": [0.41903501749038696, 0.53125, 0.530513346195221, 0.78125, 0.6003525257110596, 0.6875, 0.6497025489807129, 0.625, 0.6779026389122009, 0.6875, 0.7373870611190796, 0.78125, 0.7750605940818787, 0.78125, 0.792465329170227, 0.8125, 0.8237497210502625, 0.75, 0.8389512896537781, 0.8125, 0.8627451062202454, 0.78125, 0.8744216561317444, 0.8125, 0.8883013725280762, 0.875, 0.8876404762268066, 0.90625, 0.8803701400756836, 0.78125, 0.888521671295166, 0.84375, 0.9012998342514038, 0.9375, 0.9046045541763306, 0.90625, 0.9054858088493347, 0.875, 0.9087904691696167, 0.9375, 0.9057061076164246, 0.96875, 0.9215686321258545, 0.84375, 0.923110842704773, 0.8125, 0.9213483333587646, 0.90625, 0.9268561601638794, 0.90625], "val_accuracy": [0.3973214328289032, 0.4285714328289032, 0.4669642746448517, 0.523809552192688, 0.48571428656578064, 0.7142857313156128, 0.6000000238418579, 0.6666666865348816, 0.6464285850524902, 0.8571428656578064, 0.6419642567634583, 0.5714285969734192, 0.7169643044471741, 0.6666666865348816, 0.7267857193946838, 0.761904776096344, 0.7160714268684387, 0.6190476417541504, 0.6973214149475098, 0.761904776096344, 0.737500011920929, 0.761904776096344, 0.7526785731315613, 0.8095238208770752, 0.7330357432365417, 0.6666666865348816, 0.8053571581840515, 0.6666666865348816, 0.8125, 0.8095238208770752, 0.8107143044471741, 0.9047619104385376, 0.8294642567634583, 0.9047619104385376, 0.7785714268684387, 0.8571428656578064, 0.8017857074737549, 0.8571428656578064, 0.8026785850524902, 0.9523809552192688, 0.8276785612106323, 0.8095238208770752, 0.8348214030265808, 0.761904776096344, 0.8455356955528259, 0.8095238208770752, 0.8419643044471741, 0.761904776096344, 0.84375, 0.7142857313156128], "loss": [1.1859315633773804, 0.9964712262153625, 0.9684559106826782, 0.746078610420227, 0.8601107001304626, 0.8551048040390015, 0.794357419013977, 0.7072058916091919, 0.7294948697090149, 0.8010862469673157, 0.6268089413642883, 0.7487086653709412, 0.5542777180671692, 0.623508095741272, 0.5226718783378601, 0.4555935263633728, 0.46250346302986145, 0.7355855703353882, 0.42831867933273315, 0.45579850673675537, 0.37665605545043945, 0.5193768739700317, 0.34542539715766907, 0.4905518889427185, 0.30678004026412964, 0.4453877806663513, 0.31311118602752686, 0.30088043212890625, 0.31694644689559937, 0.5648468136787415, 0.30954426527023315, 0.2938079535961151, 0.2810625433921814, 0.17454881966114044, 0.2681849002838135, 0.36420702934265137, 0.254212349653244, 0.33631592988967896, 0.23362065851688385, 0.12592914700508118, 0.25274768471717834, 0.18219338357448578, 0.21350131928920746, 0.27680525183677673, 0.2236497849225998, 0.33118605613708496, 0.2160997837781906, 0.2782699465751648, 0.20904719829559326, 0.22805815935134888], "val_loss": [1.5398435592651367, 1.1384752988815308, 1.1988197565078735, 1.1921876668930054, 1.1406370401382446, 1.1503210067749023, 1.0821316242218018, 1.158154010772705, 0.9545829892158508, 0.41971951723098755, 0.9447438716888428, 1.2949694395065308, 0.8919021487236023, 1.0346354246139526, 0.7743975520133972, 0.5018646121025085, 0.8452478647232056, 1.150123119354248, 0.8249107599258423, 0.6532197594642639, 0.8190276026725769, 0.6283133625984192, 0.7406992316246033, 0.48711976408958435, 0.7477217316627502, 0.8502789735794067, 0.562745213508606, 0.6370198130607605, 0.5188459753990173, 0.5984776020050049, 0.5915783643722534, 0.24321138858795166, 0.5421050190925598, 0.7304702401161194, 0.6986567378044128, 0.44101670384407043, 0.6557704210281372, 0.4001757800579071, 0.5924962162971497, 0.0909745842218399, 0.5397894382476807, 0.6790310740470886, 0.5017396807670593, 0.6799872517585754, 0.5054371953010559, 0.47228777408599854, 0.5797252655029297, 1.187243938446045, 0.5096726417541504, 0.9756105542182922], "training_time": 604.3334276676178}