{"accuracy": [0.4459131956100464, 0.5625, 0.6155540943145752, 0.71875, 0.6490416526794434, 0.78125, 0.6845120191574097, 0.8125, 0.6994932889938354, 0.78125, 0.7224057912826538, 0.71875, 0.7428948879241943, 0.75, 0.762062132358551, 0.75, 0.7616214752197266, 0.84375, 0.7977527976036072, 0.84375, 0.8012778162956238, 0.84375, 0.8081074953079224, 0.875, 0.8175809383392334, 0.9375, 0.816699743270874, 0.8125, 0.8407137989997864, 0.75, 0.8418153524398804, 0.875, 0.8334434628486633, 0.75, 0.8565763235092163, 0.875, 0.8583388328552246, 0.65625, 0.8642873167991638, 0.90625, 0.8605419993400574, 0.84375, 0.8680326342582703, 0.9375, 0.863185703754425, 0.875, 0.8645076155662537, 0.90625, 0.8810310363769531, 0.84375], "val_accuracy": [0.49017858505249023, 0.523809552192688, 0.5258928537368774, 0.5714285969734192, 0.5580357313156128, 0.523809552192688, 0.5669642686843872, 0.761904776096344, 0.6187499761581421, 0.523809552192688, 0.5669642686843872, 0.6190476417541504, 0.6446428298950195, 0.8095238208770752, 0.668749988079071, 0.6190476417541504, 0.6598214507102966, 0.7142857313156128, 0.6794642806053162, 0.6666666865348816, 0.6857143044471741, 0.761904776096344, 0.6848214268684387, 0.6190476417541504, 0.7241071462631226, 0.6190476417541504, 0.7089285850524902, 0.6190476417541504, 0.6348214149475098, 0.8095238208770752, 0.71875, 0.6190476417541504, 0.7044642567634583, 0.6190476417541504, 0.699999988079071, 0.6190476417541504, 0.7491071224212646, 0.6190476417541504, 0.7598214149475098, 0.8571428656578064, 0.7276785969734192, 0.6666666865348816, 0.7714285850524902, 0.6666666865348816, 0.7749999761581421, 0.8571428656578064, 0.7366071343421936, 0.9047619104385376, 0.7401785850524902, 0.5714285969734192], "loss": [1.1696457862854004, 0.9361807107925415, 0.8887237906455994, 0.6527747511863708, 0.8255912661552429, 0.6640787124633789, 0.7598593831062317, 0.6118254661560059, 0.7072701454162598, 0.6256316900253296, 0.6808197498321533, 0.6018409132957458, 0.6379175186157227, 0.5835680365562439, 0.6094326376914978, 0.5822350978851318, 0.6004606485366821, 0.5052640438079834, 0.5393568277359009, 0.5296025276184082, 0.522782564163208, 0.49538058042526245, 0.504190981388092, 0.36606019735336304, 0.4806975722312927, 0.2669147849082947, 0.4707067906856537, 0.3918473422527313, 0.4321734607219696, 0.6915627717971802, 0.4276970624923706, 0.40317589044570923, 0.43451300263404846, 0.6239974498748779, 0.39286327362060547, 0.3096426725387573, 0.38617223501205444, 0.6915690898895264, 0.3786957263946533, 0.3170394003391266, 0.37000250816345215, 0.401641845703125, 0.35856950283050537, 0.2704385817050934, 0.3580923080444336, 0.3641384243965149, 0.34946027398109436, 0.2422262281179428, 0.34016919136047363, 0.4195730686187744], "val_loss": [1.2059532403945923, 1.2279406785964966, 1.1436315774917603, 1.0758858919143677, 1.1916662454605103, 1.1352003812789917, 1.04810631275177, 0.6528687477111816, 1.0348519086837769, 0.9752017259597778, 1.0927035808563232, 0.8938814997673035, 0.9413328170776367, 0.7330102324485779, 0.9059535264968872, 0.9338110089302063, 1.0015316009521484, 1.3325212001800537, 0.9128524661064148, 0.6226005554199219, 0.8828662037849426, 0.5574200749397278, 0.8420389294624329, 1.0328646898269653, 0.8200242519378662, 1.3122735023498535, 0.832345724105835, 1.0713762044906616, 1.1164419651031494, 0.991985023021698, 0.7783527970314026, 1.075129747390747, 0.8201649188995361, 0.8899846076965332, 0.8496984243392944, 1.1061012744903564, 0.7507461309432983, 0.7785345911979675, 0.741028368473053, 0.4815903604030609, 0.8334530591964722, 0.985566258430481, 0.7085864543914795, 0.7769138813018799, 0.6907070875167847, 0.6947330236434937, 0.8408492207527161, 0.31969505548477173, 0.8007259368896484, 1.3868207931518555], "training_time": 470.4537570476532}