{"accuracy": [0.7314386367797852, 0.6875, 0.7772637009620667, 0.65625, 0.8114122152328491, 0.875, 0.8468825817108154, 0.875, 0.8607622981071472, 0.875, 0.8678122758865356, 0.90625, 0.8786076307296753, 0.84375, 0.8913857936859131, 0.90625, 0.8847763538360596, 0.875, 0.9046045541763306, 0.90625, 0.9065873622894287, 0.84375, 0.9074686169624329, 0.96875, 0.9050451517105103, 0.9375, 0.9187045693397522, 0.875, 0.9202467799186707, 1.0, 0.9151795506477356, 0.9375, 0.9184842705726624, 0.875, 0.9235514402389526, 0.9375, 0.9259749054908752, 0.96875, 0.9275170564651489, 0.9375, 0.9308217763900757, 0.9375, 0.9328784942626953, 0.8518518805503845, 0.9277374148368835, 0.90625, 0.939854621887207, 0.9375, 0.9449217915534973, 0.96875], "val_accuracy": [0.6642857193946838, 0.8095238208770752, 0.7196428775787354, 0.6190476417541504, 0.75, 0.380952388048172, 0.7598214149475098, 0.8095238208770752, 0.7723214030265808, 0.761904776096344, 0.7633928656578064, 0.8095238208770752, 0.7955357432365417, 0.8571428656578064, 0.8125, 0.7142857313156128, 0.8267857432365417, 0.9523809552192688, 0.8160714507102966, 0.8571428656578064, 0.8053571581840515, 0.8095238208770752, 0.8214285969734192, 0.8571428656578064, 0.8187500238418579, 0.8571428656578064, 0.8133928775787354, 0.761904776096344, 0.8410714268684387, 0.8571428656578064, 0.8035714030265808, 0.8095238208770752, 0.8285714387893677, 0.8095238208770752, 0.8491071462631226, 0.9047619104385376, 0.8500000238418579, 0.9047619104385376, 0.8526785969734192, 0.761904776096344, 0.8428571224212646, 0.761904776096344, 0.8616071343421936, 0.8095238208770752, 0.8401785492897034, 0.761904776096344, 0.8535714149475098, 0.9523809552192688, 0.8616071343421936, 0.8095238208770752], "loss": [0.6539767384529114, 0.7613115310668945, 0.5733612179756165, 0.656737208366394, 0.49586009979248047, 0.44635480642318726, 0.4165244400501251, 0.3393089771270752, 0.3795621693134308, 0.2734181880950928, 0.35421985387802124, 0.2915002107620239, 0.348116934299469, 0.4153514504432678, 0.28637900948524475, 0.5199227929115295, 0.31586819887161255, 0.2434016615152359, 0.2722775936126709, 0.22973056137561798, 0.2628016471862793, 0.33304399251937866, 0.26651328802108765, 0.06477898359298706, 0.2494691163301468, 0.19299614429473877, 0.2316800206899643, 0.2391737401485443, 0.21804343163967133, 0.07708623260259628, 0.23434966802597046, 0.23767684400081635, 0.2218484729528427, 0.3996679484844208, 0.20711757242679596, 0.36210355162620544, 0.2074825018644333, 0.14332406222820282, 0.20939518511295319, 0.1823301911354065, 0.19079692661762238, 0.08974043279886246, 0.17994655668735504, 0.2957647442817688, 0.18866008520126343, 0.3869246244430542, 0.16920846700668335, 0.16912369430065155, 0.15669088065624237, 0.10090318322181702], "val_loss": [1.0430632829666138, 0.755499541759491, 0.7830295562744141, 0.649698793888092, 0.7868679165840149, 1.6425215005874634, 0.7574558258056641, 0.9486902952194214, 0.6721221208572388, 0.6623545289039612, 0.6497624516487122, 0.6086052656173706, 0.6266710162162781, 0.34846997261047363, 0.572510302066803, 0.6544715166091919, 0.6075769662857056, 0.3092332184314728, 0.60075443983078, 0.36715760827064514, 0.571763813495636, 0.5065522789955139, 0.5308117270469666, 0.5195319056510925, 0.5765721201896667, 0.6408661603927612, 0.5583540797233582, 0.8132124543190002, 0.4903246760368347, 0.6858088374137878, 0.5792993903160095, 0.5000194907188416, 0.6117123961448669, 0.3430684506893158, 0.5084279775619507, 0.3818358778953552, 0.5057500600814819, 0.2063494473695755, 0.4884522557258606, 0.8617792725563049, 0.5670570135116577, 0.5187225341796875, 0.43669816851615906, 1.0846960544586182, 0.5098400115966797, 0.5735253095626831, 0.41470256447792053, 0.2051757127046585, 0.5150768160820007, 1.013564109802246], "training_time": 617.936774969101}