{"accuracy": [0.4117647111415863, 0.46875, 0.5424101948738098, 0.71875, 0.6541088223457336, 0.8125, 0.7153558135032654, 0.71875, 0.7702137231826782, 0.75, 0.8028200268745422, 0.875, 0.8327825665473938, 0.84375, 0.8601013422012329, 0.90625, 0.8775060772895813, 0.84375, 0.8880810737609863, 0.875, 0.8814716935157776, 0.84375, 0.9076889157295227, 0.9375, 0.8944701552391052, 0.90625, 0.9118748903274536, 0.90625, 0.9118748903274536, 0.9375, 0.9217889308929443, 0.90625, 0.9235514402389526, 0.9375, 0.9279577136039734, 0.9375, 0.9365499019622803, 0.96875, 0.9261952042579651, 1.0, 0.93148273229599, 0.9375, 0.9391936659812927, 0.78125, 0.9389733672142029, 1.0, 0.9385327100753784, 0.875, 0.939854621887207, 0.96875], "val_accuracy": [0.4285714328289032, 0.2380952388048172, 0.4803571403026581, 0.4285714328289032, 0.5625, 0.4285714328289032, 0.6758928298950195, 0.7142857313156128, 0.6973214149475098, 0.5714285969734192, 0.731249988079071, 0.6666666865348816, 0.7642857432365417, 0.761904776096344, 0.7651785612106323, 0.8095238208770752, 0.7678571343421936, 0.761904776096344, 0.8017857074737549, 0.9047619104385376, 0.800000011920929, 0.7142857313156128, 0.7892857193946838, 0.8095238208770752, 0.8035714030265808, 0.8571428656578064, 0.8044642806053162, 0.9047619104385376, 0.8303571343421936, 0.9047619104385376, 0.8419643044471741, 0.8095238208770752, 0.8321428298950195, 0.8571428656578064, 0.8642857074737549, 0.8095238208770752, 0.8285714387893677, 0.8095238208770752, 0.8392857313156128, 0.9047619104385376, 0.8669642806053162, 0.761904776096344, 0.800000011920929, 0.8571428656578064, 0.8651785850524902, 0.9047619104385376, 0.8517857193946838, 0.8571428656578064, 0.8401785492897034, 0.761904776096344], "loss": [1.2183914184570312, 1.093052625656128, 0.9932003021240234, 0.7093982696533203, 0.8151195049285889, 0.5728759169578552, 0.6907490491867065, 0.8119623064994812, 0.5767849683761597, 0.6705159544944763, 0.514288604259491, 0.34404346346855164, 0.44033101201057434, 0.4154684841632843, 0.37710264325141907, 0.32517209649086, 0.34205687046051025, 0.4219433069229126, 0.3110436201095581, 0.39593297243118286, 0.3064908981323242, 0.34564271569252014, 0.2576102316379547, 0.20343942940235138, 0.2752189040184021, 0.22593700885772705, 0.25260278582572937, 0.20693925023078918, 0.2389310747385025, 0.1065816655755043, 0.2098858803510666, 0.2666803300380707, 0.21216000616550446, 0.17786827683448792, 0.20988476276397705, 0.1682693511247635, 0.18848420679569244, 0.19315433502197266, 0.194401353597641, 0.05593479424715042, 0.18273988366127014, 0.21103131771087646, 0.16197726130485535, 0.37324050068855286, 0.16656026244163513, 0.06546750664710999, 0.16572481393814087, 0.3622058928012848, 0.1570173054933548, 0.1559358388185501], "val_loss": [1.331909418106079, 1.7635515928268433, 1.183594822883606, 1.035064458847046, 1.0770293474197388, 1.3749974966049194, 0.9421898126602173, 0.7602352499961853, 0.8630567193031311, 1.388928771018982, 0.7676200866699219, 1.003040075302124, 0.695704996585846, 0.5669528245925903, 0.7923178672790527, 0.7068219184875488, 0.6845044493675232, 0.41095325350761414, 0.6417531967163086, 0.4464915990829468, 0.6349443197250366, 1.1001462936401367, 0.6595285534858704, 0.6630526185035706, 0.6492868065834045, 0.3713200092315674, 0.6397498250007629, 0.264913409948349, 0.5425317287445068, 0.397732675075531, 0.5207875370979309, 0.30483871698379517, 0.47327685356140137, 0.23508015275001526, 0.4326073229312897, 0.29187166690826416, 0.5042213201522827, 0.6479261517524719, 0.5480440855026245, 0.3482989966869354, 0.4817720055580139, 0.5098012089729309, 0.5169268250465393, 0.40154829621315, 0.5118358731269836, 0.2102184295654297, 0.5041219592094421, 0.6948500275611877, 0.5381280183792114, 0.803822934627533], "training_time": 479.4699890613556}