{"accuracy": [0.39920687675476074, 0.46875, 0.5038554668426514, 0.28125, 0.5840493440628052, 0.78125, 0.6558713316917419, 0.59375, 0.7005948424339294, 0.71875, 0.7455386519432068, 0.78125, 0.7889403104782104, 0.65625, 0.8182418942451477, 0.78125, 0.8341044187545776, 0.8125, 0.8552544713020325, 0.875, 0.8642873167991638, 0.90625, 0.8805904388427734, 0.78125, 0.8933686017990112, 0.8125, 0.8993170261383057, 0.875, 0.8922670483589172, 0.8125, 0.8979951739311218, 0.90625, 0.9024013876914978, 0.90625, 0.9125357866287231, 0.96875, 0.9101123809814453, 0.875, 0.9206873774528503, 0.90625, 0.9255342483520508, 0.90625, 0.9193655252456665, 1.0, 0.9266358017921448, 0.8125, 0.9288389682769775, 0.875, 0.9277374148368835, 0.9375], "val_accuracy": [0.3901785612106323, 0.2857142984867096, 0.45178571343421936, 0.380952388048172, 0.5767857432365417, 0.6190476417541504, 0.5232142806053162, 0.6190476417541504, 0.6196428537368774, 0.6190476417541504, 0.6321428418159485, 0.5714285969734192, 0.6276785731315613, 0.4761904776096344, 0.7455357313156128, 0.8095238208770752, 0.7517856955528259, 0.8095238208770752, 0.7544642686843872, 0.7142857313156128, 0.78125, 0.761904776096344, 0.7749999761581421, 0.7142857313156128, 0.7794643044471741, 0.6190476417541504, 0.7955357432365417, 0.6666666865348816, 0.7830356955528259, 0.761904776096344, 0.8089285492897034, 0.6666666865348816, 0.7982142567634583, 0.7142857313156128, 0.8241071701049805, 0.7142857313156128, 0.8276785612106323, 0.761904776096344, 0.8303571343421936, 0.8571428656578064, 0.8223214149475098, 0.9047619104385376, 0.824999988079071, 0.761904776096344, 0.8116071224212646, 0.9523809552192688, 0.8616071343421936, 0.9047619104385376, 0.8491071462631226, 0.761904776096344], "loss": [1.2023473978042603, 1.0943603515625, 0.9912353754043579, 1.0550212860107422, 0.8898336887359619, 0.5275570750236511, 0.7836025953292847, 0.8437992334365845, 0.7160728573799133, 0.8489013910293579, 0.6340957283973694, 0.5424621105194092, 0.5430887937545776, 0.7975924015045166, 0.4846077859401703, 0.7212458848953247, 0.4400429129600525, 0.4933916926383972, 0.39044779539108276, 0.3645666241645813, 0.3643426299095154, 0.4286811351776123, 0.33748045563697815, 0.6486510038375854, 0.3048657178878784, 0.3575672209262848, 0.28327813744544983, 0.41487520933151245, 0.2954627573490143, 0.3139817714691162, 0.29267799854278564, 0.1979166567325592, 0.27302655577659607, 0.31884530186653137, 0.245297372341156, 0.10089375823736191, 0.2541656494140625, 0.26876991987228394, 0.2380165308713913, 0.2847782373428345, 0.21038469672203064, 0.21915455162525177, 0.2129630446434021, 0.03581108897924423, 0.20705252885818481, 0.43040135502815247, 0.20416970551013947, 0.21268317103385925, 0.20184281468391418, 0.20243340730667114], "val_loss": [1.249455451965332, 1.5464147329330444, 1.2053378820419312, 1.3969765901565552, 1.2016524076461792, 1.469892144203186, 1.0469413995742798, 0.9695641398429871, 1.0169016122817993, 0.9336978197097778, 0.9487704634666443, 0.8705525994300842, 0.9674161672592163, 1.0587868690490723, 0.7363182306289673, 0.6346635222434998, 0.6921689510345459, 0.5832782983779907, 0.7360114455223083, 0.6779434680938721, 0.7473803758621216, 1.0704585313796997, 0.7337154150009155, 0.910668671131134, 0.6385255455970764, 0.7756984233856201, 0.6586393713951111, 0.9538248181343079, 0.7713581323623657, 0.6135359406471252, 0.6253650188446045, 0.6487063765525818, 0.5898970365524292, 0.9517896771430969, 0.5844839215278625, 0.73524409532547, 0.5404371023178101, 0.8089444041252136, 0.5557421445846558, 0.32915759086608887, 0.5727622509002686, 0.7381817698478699, 0.7618069052696228, 0.47838297486305237, 0.5721924304962158, 0.21024660766124725, 0.5127995610237122, 0.3993179202079773, 0.4777725338935852, 0.5863267183303833], "training_time": 667.7881855964661}