{"accuracy": [0.32958802580833435, 0.5, 0.35910993814468384, 0.4375, 0.36968496441841125, 0.34375, 0.3652786910533905, 0.5625, 0.37431153655052185, 0.4375, 0.36153337359428406, 0.28125, 0.3710068166255951, 0.3125, 0.3681427538394928, 0.4375, 0.3674818277359009, 0.375, 0.37320995330810547, 0.375, 0.37497246265411377, 0.28125, 0.36792245507240295, 0.375, 0.36660057306289673, 0.25, 0.38708966970443726, 0.34375, 0.377395898103714, 0.21875], "val_accuracy": [0.34017857909202576, 0.2857142984867096, 0.3366071283817291, 0.2857142984867096, 0.32499998807907104, 0.523809552192688, 0.3455357253551483, 0.380952388048172, 0.3794642984867096, 0.4761904776096344, 0.35178571939468384, 0.190476194024086, 0.3303571343421936, 0.6190476417541504, 0.3767857253551483, 0.1428571492433548, 0.34285715222358704, 0.3333333432674408, 0.36071428656578064, 0.2380952388048172, 0.3660714328289032, 0.4761904776096344, 0.3571428656578064, 0.380952388048172, 0.3678571283817291, 0.4285714328289032, 0.36517858505249023, 0.4285714328289032, 0.36250001192092896, 0.4761904776096344], "loss": [5.307487487792969, 1.5966367721557617, 1.590708613395691, 1.5014979839324951, 1.5569673776626587, 1.6186418533325195, 1.5484484434127808, 1.3994803428649902, 1.5436875820159912, 1.458656907081604, 1.547385334968567, 1.6305114030838013, 1.529506802558899, 1.773236870765686, 1.533011794090271, 1.4918855428695679, 1.5276721715927124, 1.4673707485198975, 1.5272597074508667, 1.5033457279205322, 1.5168044567108154, 1.5919619798660278, 1.520187497138977, 1.5547903776168823, 1.5145922899246216, 1.638217568397522, 1.5031700134277344, 1.5759929418563843, 1.5147038698196411, 1.6816115379333496], "val_loss": [1.6557573080062866, 1.7146894931793213, 1.6004087924957275, 1.5652521848678589, 1.6155223846435547, 1.533180832862854, 1.576922059059143, 1.5371938943862915, 1.5835460424423218, 1.4272247552871704, 1.5680906772613525, 1.6447206735610962, 1.610762119293213, 1.3281387090682983, 1.5527172088623047, 1.711081862449646, 1.6038979291915894, 1.532228708267212, 1.5670559406280518, 1.6922000646591187, 1.543177604675293, 1.622638463973999, 1.572969675064087, 1.6298208236694336, 1.5833886861801147, 1.486635446548462, 1.5577008724212646, 1.5388777256011963, 1.5451959371566772, 1.379805326461792], "training_time": 298.75564527511597}