{"accuracy": [0.36021149158477783, 0.40625, 0.4774179458618164, 0.625, 0.5276492834091187, 0.4375, 0.5902181267738342, 0.65625, 0.6470588445663452, 0.6875, 0.70522141456604, 0.8125, 0.7616214752197266, 0.75, 0.7907028198242188, 0.78125, 0.8224278688430786, 0.78125, 0.8462216258049011, 0.8125, 0.8521701097488403, 0.90625, 0.8702357411384583, 0.875, 0.8777263760566711, 0.84375, 0.8854373097419739, 0.84375, 0.8832342028617859, 0.875], "val_accuracy": [0.3392857015132904, 0.380952388048172, 0.38035714626312256, 0.380952388048172, 0.40089285373687744, 0.2857142984867096, 0.5, 0.6190476417541504, 0.5892857313156128, 0.6190476417541504, 0.6160714030265808, 0.6666666865348816, 0.6937500238418579, 0.8571428656578064, 0.6857143044471741, 0.6190476417541504, 0.7294642925262451, 0.6666666865348816, 0.7366071343421936, 0.7142857313156128, 0.7455357313156128, 0.761904776096344, 0.7633928656578064, 0.8571428656578064, 0.7321428656578064, 0.8095238208770752, 0.7732142806053162, 0.8095238208770752, 0.7696428298950195, 0.7142857313156128], "loss": [1.4316922426223755, 1.2482882738113403, 1.1334043741226196, 0.955828070640564, 1.0468554496765137, 1.117560863494873, 0.9383776783943176, 0.7253531217575073, 0.8489964604377747, 0.6857697367668152, 0.7561247944831848, 0.5735142827033997, 0.6617803573608398, 0.6222158670425415, 0.5947896838188171, 0.6499398946762085, 0.5314121246337891, 0.5501954555511475, 0.4750634431838989, 0.8649173974990845, 0.45966511964797974, 0.37064236402511597, 0.41626593470573425, 0.35096490383148193, 0.3796162009239197, 0.46313366293907166, 0.3704366385936737, 0.5112364292144775, 0.3741582930088043, 0.3062492907047272], "val_loss": [1.4941365718841553, 1.2924919128417969, 1.2985228300094604, 1.468471884727478, 1.3180164098739624, 1.7083078622817993, 1.2239832878112793, 0.8295461535453796, 1.212021827697754, 0.9657067060470581, 1.0545753240585327, 1.2696552276611328, 0.8806209564208984, 0.5911480784416199, 0.964359700679779, 0.9399287104606628, 0.8406772017478943, 0.7551692724227905, 0.8432292938232422, 1.1618715524673462, 0.8221763372421265, 0.855577826499939, 0.7520557045936584, 0.4139476418495178, 0.7838374376296997, 0.6628913283348083, 0.7301746606826782, 0.5615426898002625, 0.7667106986045837, 0.8392558097839355], "training_time": 307.97651720046997}