{"accuracy": [0.35624587535858154, 0.4375, 0.4205772280693054, 0.625, 0.4617757201194763, 0.5, 0.4791804254055023, 0.53125, 0.5003304481506348, 0.46875, 0.52632737159729, 0.40625, 0.5428508520126343, 0.65625, 0.5476977229118347, 0.5625, 0.5840493440628052, 0.5, 0.5952852964401245, 0.5625, 0.5992509126663208, 0.625, 0.6417713165283203, 0.5, 0.6633619666099548, 0.71875, 0.6770213842391968, 0.8125, 0.7127120494842529, 0.5], "val_accuracy": [0.3464285731315613, 0.5714285969734192, 0.3151785731315613, 0.3333333432674408, 0.40089285373687744, 0.2857142984867096, 0.40625, 0.4285714328289032, 0.4044642746448517, 0.380952388048172, 0.36071428656578064, 0.3333333432674408, 0.47232142090797424, 0.380952388048172, 0.4794642925262451, 0.4285714328289032, 0.5071428418159485, 0.6190476417541504, 0.49642857909202576, 0.4285714328289032, 0.5339285731315613, 0.5714285969734192, 0.5205357074737549, 0.6190476417541504, 0.5991071462631226, 0.523809552192688, 0.5991071462631226, 0.8095238208770752, 0.643750011920929, 0.8095238208770752], "loss": [1.8838160037994385, 1.3710408210754395, 1.2765411138534546, 1.1585839986801147, 1.188536524772644, 1.0795888900756836, 1.151099681854248, 1.3184093236923218, 1.1385565996170044, 1.3522405624389648, 1.103213906288147, 1.309630274772644, 1.0763468742370605, 1.0187573432922363, 1.061133861541748, 1.1729536056518555, 1.0203138589859009, 1.0335161685943604, 1.0007457733154297, 0.9773232936859131, 0.9914416670799255, 1.0153427124023438, 0.9378435015678406, 1.2980715036392212, 0.890667200088501, 0.6790740489959717, 0.8622430562973022, 0.6795676350593567, 0.8093147277832031, 0.9633509516716003], "val_loss": [1.4618206024169922, 1.373339295387268, 1.4286739826202393, 1.378003478050232, 1.379549264907837, 1.5390440225601196, 1.454995036125183, 1.484441876411438, 1.4190720319747925, 1.2092952728271484, 1.5578943490982056, 1.417182207107544, 1.3225643634796143, 1.347577452659607, 1.3248207569122314, 1.5539575815200806, 1.30642831325531, 0.9226094484329224, 1.3340471982955933, 1.3492480516433716, 1.290485143661499, 1.2416112422943115, 1.2665531635284424, 1.0411571264266968, 1.1854826211929321, 1.1183784008026123, 1.1291027069091797, 0.759227991104126, 1.097977876663208, 0.8151906132698059], "training_time": 316.7712459564209}