{"accuracy": [0.27847543358802795, 0.15625, 0.27891606092453003, 0.3125, 0.2793566882610321, 0.25, 0.27847543358802795, 0.375, 0.27957698702812195, 0.21875, 0.2791363596916199, 0.28125, 0.2791363596916199, 0.28125, 0.27926936745643616, 0.25925925374031067, 0.27957698702812195, 0.21875, 0.2782551348209381, 0.40625, 0.2791363596916199, 0.28125, 0.2786957621574402, 0.34375, 0.27957698702812195, 0.21875, 0.280017614364624, 0.15625, 0.27957698702812195, 0.21875], "val_accuracy": [0.2767857015132904, 0.4285714328289032, 0.27589285373687744, 0.4761904776096344, 0.28125, 0.190476194024086, 0.27589285373687744, 0.4761904776096344, 0.2794642746448517, 0.2857142984867096, 0.2794642746448517, 0.2857142984867096, 0.2794642746448517, 0.2857142984867096, 0.2794642746448517, 0.2857142984867096, 0.28214284777641296, 0.1428571492433548, 0.2794642746448517, 0.2857142984867096, 0.2767857015132904, 0.4285714328289032, 0.28125, 0.190476194024086, 0.2794642746448517, 0.2857142984867096, 0.28125, 0.190476194024086, 0.28125, 0.190476194024086], "loss": [78.96617126464844, 1.5082991123199463, 1.4020681381225586, 1.369241714477539, 1.3839226961135864, 1.3915317058563232, 1.3839995861053467, 1.3664747476577759, 1.3837718963623047, 1.3968676328659058, 1.3840348720550537, 1.3852754831314087, 1.3838961124420166, 1.3811043500900269, 1.383802056312561, 1.379456639289856, 1.3836352825164795, 1.4049879312515259, 1.3838095664978027, 1.3741557598114014, 1.3838107585906982, 1.3815436363220215, 1.3839610815048218, 1.376536250114441, 1.3837451934814453, 1.389195442199707, 1.3836878538131714, 1.405666470527649, 1.3838036060333252, 1.3930937051773071], "val_loss": [1.485280156135559, 1.461822748184204, 1.3840972185134888, 1.3576499223709106, 1.3828904628753662, 1.408347725868225, 1.3837717771530151, 1.365890383720398, 1.3834882974624634, 1.3801900148391724, 1.3835527896881104, 1.3760406970977783, 1.3833835124969482, 1.3837584257125854, 1.3837575912475586, 1.3739917278289795, 1.3830080032348633, 1.4035085439682007, 1.3835722208023071, 1.3755764961242676, 1.3838011026382446, 1.369997262954712, 1.3829513788223267, 1.4101694822311401, 1.3834160566329956, 1.383933424949646, 1.3832764625549316, 1.3920185565948486, 1.3834055662155151, 1.3860814571380615], "training_time": 312.10771083831787}