{"accuracy": [0.26966291666030884, 0.3125, 0.2797973155975342, 0.1875, 0.2791363596916199, 0.28125, 0.27926936745643616, 0.25925925374031067, 0.2780348062515259, 0.4375, 0.2793566882610321, 0.25, 0.2797973155975342, 0.1875, 0.27957698702812195, 0.21875, 0.2804582417011261, 0.09375, 0.2786957621574402, 0.34375, 0.2791363596916199, 0.28125, 0.27957698702812195, 0.21875, 0.2786957621574402, 0.34375, 0.2791363596916199, 0.28125, 0.2786957621574402, 0.34375], "val_accuracy": [0.2830357253551483, 0.095238097012043, 0.28035715222358704, 0.2380952388048172, 0.28125, 0.190476194024086, 0.2794642746448517, 0.2857142984867096, 0.28035715222358704, 0.2380952388048172, 0.2794642746448517, 0.2857142984867096, 0.28125, 0.190476194024086, 0.28035715222358704, 0.2380952388048172, 0.27767857909202576, 0.380952388048172, 0.28035715222358704, 0.2380952388048172, 0.28035715222358704, 0.2380952388048172, 0.2830357253551483, 0.095238097012043, 0.28035715222358704, 0.2380952388048172, 0.28035715222358704, 0.2380952388048172, 0.28214284777641296, 0.1428571492433548], "loss": [39.42937088012695, 3.671372652053833, 3.677868604660034, 3.677325963973999, 3.6769003868103027, 3.6911091804504395, 3.6768274307250977, 3.6888716220855713, 3.6762495040893555, 3.7128310203552246, 3.676652669906616, 3.671111822128296, 3.6751139163970947, 3.665466785430908, 3.6771156787872314, 3.724228620529175, 3.6754326820373535, 3.7080790996551514, 3.6757214069366455, 3.7073986530303955, 3.67563533782959, 3.691793918609619, 3.67565655708313, 3.6994426250457764, 3.6768341064453125, 3.6344470977783203, 3.675645589828491, 3.643566846847534, 3.67665696144104, 3.669145107269287], "val_loss": [3.683537483215332, 3.719144105911255, 3.6554155349731445, 3.6487529277801514, 3.6987810134887695, 3.6920902729034424, 3.693289279937744, 3.6633334159851074, 3.726325750350952, 3.7149746417999268, 3.6660523414611816, 3.691239595413208, 3.6539700031280518, 3.6868085861206055, 3.7042911052703857, 3.6686947345733643, 3.6801648139953613, 3.6438052654266357, 3.7145729064941406, 3.7249596118927, 3.69695782661438, 3.70861554145813, 3.6824698448181152, 3.754781723022461, 3.646674871444702, 3.681177854537964, 3.631469488143921, 3.654346227645874, 3.6776411533355713, 3.6487948894500732], "training_time": 318.03654742240906}