{"accuracy": [0.3996475040912628, 0.59375, 0.5166336297988892, 0.53125, 0.5532055497169495, 0.59375, 0.6186384558677673, 0.875, 0.686274528503418, 0.84375, 0.7453183531761169, 0.78125, 0.7530292868614197, 0.9375, 0.8076668977737427, 0.8125, 0.8347653746604919, 0.90625, 0.8378497362136841, 0.875, 0.8642873167991638, 0.875, 0.8713372945785522, 0.875, 0.8883013725280762, 0.9375, 0.8878607749938965, 0.84375, 0.901079535484314, 0.84375, 0.8905045390129089, 0.8125, 0.9085701704025269, 0.96875, 0.9213483333587646, 0.96875, 0.9052654504776001, 0.90625, 0.9184842705726624, 0.84375, 0.9264155030250549, 0.96875, 0.9301608204841614, 0.84375, 0.9215686321258545, 0.84375, 0.9242123961448669, 1.0, 0.9288389682769775, 0.96875], "val_accuracy": [0.4133928716182709, 0.4285714328289032, 0.46875, 0.523809552192688, 0.46964284777641296, 0.4285714328289032, 0.5848214030265808, 0.4285714328289032, 0.6598214507102966, 0.7142857313156128, 0.668749988079071, 0.6190476417541504, 0.7116071581840515, 0.761904776096344, 0.7357142567634583, 0.761904776096344, 0.7598214149475098, 0.6666666865348816, 0.7419642806053162, 0.8095238208770752, 0.7749999761581421, 0.8095238208770752, 0.7875000238418579, 1.0, 0.7866071462631226, 0.7142857313156128, 0.7910714149475098, 0.7142857313156128, 0.7732142806053162, 0.7142857313156128, 0.768750011920929, 0.8571428656578064, 0.7910714149475098, 0.8571428656578064, 0.8339285850524902, 0.9523809552192688, 0.8223214149475098, 0.9523809552192688, 0.8428571224212646, 0.8571428656578064, 0.8223214149475098, 0.8095238208770752, 0.8008928298950195, 0.8095238208770752, 0.8285714387893677, 0.761904776096344, 0.831250011920929, 0.8571428656578064, 0.8616071343421936, 1.0], "loss": [1.2104160785675049, 0.8529988527297974, 0.9892663359642029, 0.9080044031143188, 0.9224370718002319, 1.0576376914978027, 0.8303048014640808, 0.5702990889549255, 0.7386345267295837, 0.47696641087532043, 0.6354193091392517, 0.5774651765823364, 0.5887746214866638, 0.3289491534233093, 0.5106125473976135, 0.6022207736968994, 0.43276306986808777, 0.281744122505188, 0.4278048872947693, 0.2685539722442627, 0.37379828095436096, 0.27887383103370667, 0.3466777801513672, 0.38035938143730164, 0.31559109687805176, 0.18154728412628174, 0.3014995753765106, 0.4181225299835205, 0.29165977239608765, 0.2529650926589966, 0.28970837593078613, 0.31996220350265503, 0.2553406357765198, 0.30575594305992126, 0.23262889683246613, 0.11715365201234818, 0.25712332129478455, 0.2455582320690155, 0.23428644239902496, 0.4431701898574829, 0.20917005836963654, 0.12233763188123703, 0.20337356626987457, 0.31690484285354614, 0.2180142104625702, 0.25131478905677795, 0.21184703707695007, 0.05193959176540375, 0.20217710733413696, 0.12291379272937775], "val_loss": [1.350601077079773, 1.1500660181045532, 1.2654491662979126, 1.2732667922973633, 1.2310537099838257, 1.1004722118377686, 1.0816552639007568, 1.7995859384536743, 0.994158148765564, 0.7020328044891357, 0.989443838596344, 0.8255228996276855, 0.8571932911872864, 0.5489871501922607, 0.7464759945869446, 0.7539211511611938, 0.728923499584198, 1.135746717453003, 0.7364403009414673, 0.8407689332962036, 0.7033399939537048, 0.4072731137275696, 0.6010679602622986, 0.15205176174640656, 0.6349489092826843, 0.7314279675483704, 0.6416877508163452, 0.7597906589508057, 0.6128932237625122, 0.7371573448181152, 0.6526712775230408, 0.4819066524505615, 0.9192136526107788, 0.47486087679862976, 0.4826943576335907, 0.22878096997737885, 0.6064932942390442, 0.1216122955083847, 0.4621850252151489, 0.4752753973007202, 0.5794771313667297, 0.480956494808197, 0.6932585835456848, 0.9402605891227722, 0.5545437335968018, 0.992007315158844, 0.6719217896461487, 0.5324504375457764, 0.5458086729049683, 0.036468446254730225], "training_time": 544.2224400043488}