{"accuracy": [0.4551663398742676, 0.4375, 0.5895571708679199, 0.65625, 0.6785635352134705, 0.875, 0.7376074194908142, 0.875, 0.7990747094154358, 0.875, 0.8173606395721436, 0.8125, 0.8587794899940491, 0.84375, 0.8748623132705688, 0.875, 0.8797091841697693, 0.90625, 0.8902841806411743, 0.84375, 0.898876428604126, 0.90625, 0.9024013876914978, 0.9375, 0.908349871635437, 0.90625, 0.9147389531135559, 0.84375, 0.9158405065536499, 0.78125, 0.9248732924461365, 0.96875, 0.917823314666748, 0.96875, 0.9248732924461365, 0.875, 0.9352280497550964, 0.9375, 0.9339061379432678, 0.90625, 0.9385327100753784, 0.90625, 0.9464640021324158, 0.9375, 0.9416170716285706, 1.0, 0.9449217915534973, 1.0, 0.9411764740943909, 0.875], "val_accuracy": [0.47678571939468384, 0.3333333432674408, 0.5285714268684387, 0.5714285969734192, 0.6214285492897034, 0.6190476417541504, 0.6535714268684387, 0.6190476417541504, 0.7160714268684387, 0.8095238208770752, 0.7196428775787354, 0.523809552192688, 0.7508928775787354, 0.8571428656578064, 0.7562500238418579, 0.7142857313156128, 0.762499988079071, 0.761904776096344, 0.7839285731315613, 0.8095238208770752, 0.7678571343421936, 0.9047619104385376, 0.8107143044471741, 0.9523809552192688, 0.7946428656578064, 0.7142857313156128, 0.824999988079071, 0.8571428656578064, 0.7562500238418579, 0.9047619104385376, 0.8330357074737549, 0.9523809552192688, 0.8508928418159485, 0.9047619104385376, 0.8303571343421936, 0.761904776096344, 0.8374999761581421, 0.6666666865348816, 0.8321428298950195, 0.8095238208770752, 0.8366071581840515, 0.9047619104385376, 0.8580357432365417, 0.9523809552192688, 0.8589285612106323, 0.8095238208770752, 0.8803571462631226, 0.9047619104385376, 0.8401785492897034, 0.8571428656578064], "loss": [1.160821557044983, 1.1367263793945312, 0.9256353974342346, 1.0039777755737305, 0.7799259424209595, 0.6229599118232727, 0.669070839881897, 0.3399627208709717, 0.5367099642753601, 0.7441248893737793, 0.48230063915252686, 0.4493807554244995, 0.3869321644306183, 0.36193403601646423, 0.34828975796699524, 0.2654355466365814, 0.3337836265563965, 0.241946741938591, 0.3035314083099365, 0.48109865188598633, 0.2678862512111664, 0.22243496775627136, 0.2664489448070526, 0.11362668871879578, 0.24782295525074005, 0.34227466583251953, 0.23883269727230072, 0.4085736572742462, 0.22836194932460785, 0.6741714477539062, 0.20681346952915192, 0.15540024638175964, 0.223391592502594, 0.1291171908378601, 0.20978301763534546, 0.30467841029167175, 0.18034380674362183, 0.22542820870876312, 0.19960950314998627, 0.16998857259750366, 0.16654779016971588, 0.3257947266101837, 0.15600618720054626, 0.1332068294286728, 0.15290087461471558, 0.047948241233825684, 0.14998435974121094, 0.030251923948526382, 0.16526691615581512, 0.35814493894577026], "val_loss": [1.2748759984970093, 1.3390038013458252, 1.1058688163757324, 1.0250394344329834, 1.0140354633331299, 1.007575511932373, 0.9800424575805664, 0.6913484930992126, 0.806450366973877, 0.7046421766281128, 0.7855303883552551, 1.640988826751709, 0.7453075647354126, 0.5019704103469849, 0.6932134032249451, 1.0432794094085693, 0.6699733734130859, 0.612707793712616, 0.6919132471084595, 1.0720149278640747, 0.7836426496505737, 0.6641770005226135, 0.59525066614151, 0.18983250856399536, 0.5905110239982605, 0.7694934606552124, 0.6125018000602722, 0.9583482146263123, 0.724225640296936, 0.26128944754600525, 0.5430377125740051, 0.18316194415092468, 0.48984915018081665, 0.1667070835828781, 0.5718894600868225, 0.8140690326690674, 0.6080066561698914, 1.5870469808578491, 0.5527907609939575, 0.6193056702613831, 0.5571590065956116, 0.5169590711593628, 0.42486822605133057, 0.14038947224617004, 0.521401584148407, 0.2865145206451416, 0.4762560725212097, 0.3830292224884033, 0.5515111684799194, 0.418715238571167], "training_time": 529.7595930099487}