{"accuracy": [0.3540933132171631, 0.37037035822868347, 0.5069398283958435, 0.5, 0.5864728093147278, 0.59375, 0.6801057457923889, 0.5625, 0.7191011309623718, 0.75, 0.7686715126037598, 0.8125, 0.7966512441635132, 0.875, 0.810530960559845, 0.8125, 0.8365278840065002, 0.8125, 0.8455606698989868, 0.9375, 0.8656091690063477, 0.8125, 0.8671513795852661, 0.90625, 0.8744216561317444, 0.875, 0.8883013725280762, 0.875, 0.8876404762268066, 0.84375], "val_accuracy": [0.3633928596973419, 0.380952388048172, 0.42321428656578064, 0.4761904776096344, 0.5223214030265808, 0.5714285969734192, 0.6142857074737549, 0.5714285969734192, 0.6499999761581421, 0.761904776096344, 0.699999988079071, 0.6190476417541504, 0.7348214387893677, 0.6666666865348816, 0.7464285492897034, 0.7142857313156128, 0.7133928537368774, 0.761904776096344, 0.7714285850524902, 0.7142857313156128, 0.7732142806053162, 0.8095238208770752, 0.7749999761581421, 0.8571428656578064, 0.7678571343421936, 0.8571428656578064, 0.7901785969734192, 0.8095238208770752, 0.8053571581840515, 0.6190476417541504], "loss": [1.3437126874923706, 1.1000033617019653, 1.0596163272857666, 0.8968244791030884, 0.9261031150817871, 1.025631308555603, 0.806918740272522, 0.9814528226852417, 0.7295545339584351, 0.740913987159729, 0.6288444399833679, 0.5532426238059998, 0.554782509803772, 0.3009491264820099, 0.5329549908638, 0.46930453181266785, 0.482658326625824, 0.5662950277328491, 0.4624396860599518, 0.3047863841056824, 0.4237516522407532, 0.4327855706214905, 0.39688172936439514, 0.30213966965675354, 0.40376079082489014, 0.2596648931503296, 0.36018669605255127, 0.5002046823501587, 0.3658669888973236, 0.4457423985004425], "val_loss": [1.339937448501587, 1.1025322675704956, 1.284477710723877, 1.2778114080429077, 1.2581992149353027, 0.8872597813606262, 1.0167858600616455, 1.1142826080322266, 0.9057368040084839, 0.7103849053382874, 0.856991171836853, 0.9833698272705078, 0.8651955723762512, 0.7999163866043091, 0.7984586358070374, 0.7899158000946045, 0.9087687730789185, 0.7558626532554626, 0.7564256191253662, 1.0383110046386719, 0.7490739226341248, 0.4894333779811859, 0.7533355951309204, 0.526512861251831, 0.717416524887085, 0.44381096959114075, 0.7101565003395081, 0.7585698366165161, 0.6193690896034241, 1.0336182117462158], "training_time": 339.0687382221222}