{"accuracy": [0.38422560691833496, 0.34375, 0.5459352135658264, 0.75, 0.6320775747299194, 0.75, 0.6977307796478271, 0.5, 0.7532495856285095, 0.75, 0.7849746346473694, 0.90625, 0.8285965919494629, 0.8125, 0.8407137989997864, 0.9375, 0.8603216409683228, 0.90625, 0.8618638515472412, 0.8125, 0.8792685866355896, 0.9375, 0.886318564414978, 1.0, 0.8940294981002808, 0.90625, 0.9063670635223389, 1.0, 0.9061467051506042, 0.9375], "val_accuracy": [0.3910714387893677, 0.380952388048172, 0.5223214030265808, 0.3333333432674408, 0.5678571462631226, 0.4285714328289032, 0.5973214507102966, 0.5714285969734192, 0.5928571224212646, 0.7142857313156128, 0.6901785731315613, 0.6666666865348816, 0.6937500238418579, 0.6190476417541504, 0.7473214268684387, 0.7142857313156128, 0.7482143044471741, 0.9047619104385376, 0.7419642806053162, 0.761904776096344, 0.7732142806053162, 0.8571428656578064, 0.8017857074737549, 0.761904776096344, 0.7848214507102966, 0.6666666865348816, 0.7749999761581421, 0.8095238208770752, 0.8107143044471741, 0.8571428656578064], "loss": [1.2382245063781738, 1.0827202796936035, 0.9697977900505066, 0.6369066834449768, 0.8275582194328308, 0.680878758430481, 0.7292423844337463, 1.3977994918823242, 0.6211615800857544, 0.6742533445358276, 0.5501629710197449, 0.3317943513393402, 0.4731382429599762, 0.4761607050895691, 0.42749354243278503, 0.21379490196704865, 0.37108010053634644, 0.29710814356803894, 0.3732075095176697, 0.43758612871170044, 0.32985082268714905, 0.25254136323928833, 0.30926263332366943, 0.2146928310394287, 0.28913167119026184, 0.3215924799442291, 0.264783650636673, 0.08968896418809891, 0.2594034969806671, 0.26404258608818054], "val_loss": [1.3133891820907593, 1.2436964511871338, 1.1575894355773926, 1.2038377523422241, 1.1969481706619263, 1.7036771774291992, 1.0715690851211548, 1.242632269859314, 1.1010043621063232, 1.09326171875, 0.8559296131134033, 0.7715206146240234, 0.8580973744392395, 0.9458433985710144, 0.7374584674835205, 0.9399304389953613, 0.7348151803016663, 0.3593083918094635, 0.7573422193527222, 0.497797429561615, 0.6712319254875183, 0.6647796630859375, 0.6190974712371826, 0.6004436016082764, 0.6790789365768433, 0.6177648901939392, 0.790384829044342, 0.3988644778728485, 0.5929504036903381, 0.40779921412467957], "training_time": 333.46857810020447}