{"accuracy": [0.40515533089637756, 0.5, 0.5459352135658264, 0.65625, 0.6226040720939636, 0.78125, 0.7113901972770691, 0.84375, 0.7693324685096741, 0.78125, 0.8147168755531311, 0.9375, 0.8471028804779053, 0.78125, 0.8653888702392578, 0.9375, 0.8744216561317444, 0.84375, 0.8883013725280762, 0.9375, 0.8913857936859131, 0.75, 0.9028420448303223, 0.96875, 0.9114342331886292, 0.96875, 0.9103326797485352, 0.96875, 0.9142982959747314, 1.0], "val_accuracy": [0.45178571343421936, 0.523809552192688, 0.4598214328289032, 0.523809552192688, 0.6276785731315613, 0.8095238208770752, 0.6446428298950195, 0.6190476417541504, 0.7196428775787354, 0.6666666865348816, 0.706250011920929, 0.6666666865348816, 0.762499988079071, 0.8095238208770752, 0.7875000238418579, 0.6190476417541504, 0.7642857432365417, 0.6666666865348816, 0.78125, 0.8095238208770752, 0.7580357193946838, 0.761904776096344, 0.7991071343421936, 0.761904776096344, 0.8062499761581421, 0.9047619104385376, 0.8142856955528259, 0.8571428656578064, 0.8508928418159485, 0.9047619104385376], "loss": [1.2266199588775635, 1.3628084659576416, 0.9710192680358887, 0.8272239565849304, 0.8346849679946899, 0.6658869385719299, 0.696352481842041, 0.497600793838501, 0.5799747705459595, 0.6951930522918701, 0.4939533770084381, 0.2958812713623047, 0.41403767466545105, 0.5165255665779114, 0.36981725692749023, 0.23517175018787384, 0.3389807641506195, 0.42570993304252625, 0.3115914762020111, 0.2176288664340973, 0.2893928587436676, 0.5267091393470764, 0.2671264111995697, 0.16232892870903015, 0.24472443759441376, 0.1779705137014389, 0.2400316745042801, 0.10985787212848663, 0.22809423506259918, 0.06636060029268265], "val_loss": [1.2916224002838135, 1.1075295209884644, 1.288714051246643, 1.3362095355987549, 1.0500978231430054, 0.7338206768035889, 1.141919732093811, 1.052503228187561, 0.8272345066070557, 0.8606093525886536, 0.7837041616439819, 0.9568513035774231, 0.6963146924972534, 0.5682116746902466, 0.6280969381332397, 0.6082497835159302, 0.696711003780365, 0.6713601350784302, 0.6645218729972839, 0.7102982401847839, 0.7637772560119629, 0.5699242949485779, 0.5737967491149902, 0.6883296370506287, 0.5648924112319946, 0.692443311214447, 0.6920879483222961, 0.357432097196579, 0.5211224555969238, 0.28471511602401733], "training_time": 334.1609728336334}