{"accuracy": [0.26790040731430054, 0.34375, 0.27891606092453003, 0.3125, 0.27957698702812195, 0.21875, 0.2791363596916199, 0.28125, 0.27781450748443604, 0.46875, 0.28023794293403625, 0.125, 0.2791363596916199, 0.28125, 0.27957698702812195, 0.21875, 0.2793566882610321, 0.25, 0.27891606092453003, 0.3125, 0.2780348062515259, 0.4375, 0.280017614364624, 0.15625, 0.2780348062515259, 0.4375, 0.2786957621574402, 0.34375, 0.27891606092453003, 0.3125], "val_accuracy": [0.27767857909202576, 0.380952388048172, 0.2785714268684387, 0.3333333432674408, 0.2767857015132904, 0.4285714328289032, 0.28125, 0.190476194024086, 0.28214284777641296, 0.1428571492433548, 0.2785714268684387, 0.3333333432674408, 0.28035715222358704, 0.2380952388048172, 0.28035715222358704, 0.2380952388048172, 0.28035715222358704, 0.2380952388048172, 0.2785714268684387, 0.3333333432674408, 0.28125, 0.190476194024086, 0.28035715222358704, 0.2380952388048172, 0.2794642746448517, 0.2857142984867096, 0.27767857909202576, 0.380952388048172, 0.2794642746448517, 0.2857142984867096], "loss": [9.177496910095215, 1.391495943069458, 1.385784387588501, 1.3815232515335083, 1.383851170539856, 1.388960599899292, 1.383793592453003, 1.38663649559021, 1.3837929964065552, 1.3739925622940063, 1.383466124534607, 1.420936107635498, 1.3838311433792114, 1.3729281425476074, 1.3837486505508423, 1.3961480855941772, 1.3839119672775269, 1.3762729167938232, 1.3837122917175293, 1.392703652381897, 1.3837240934371948, 1.3669699430465698, 1.3836517333984375, 1.4003820419311523, 1.3838281631469727, 1.3616788387298584, 1.3836570978164673, 1.3868827819824219, 1.3836580514907837, 1.3835194110870361], "val_loss": [1.3940879106521606, 1.385675072669983, 1.3836288452148438, 1.3802449703216553, 1.3836357593536377, 1.3758145570755005, 1.3829721212387085, 1.4039043188095093, 1.3830808401107788, 1.3999974727630615, 1.383345127105713, 1.3857868909835815, 1.3831754922866821, 1.393095850944519, 1.3831806182861328, 1.3970850706100464, 1.3833364248275757, 1.3918956518173218, 1.3834717273712158, 1.377707600593567, 1.3833932876586914, 1.383890986442566, 1.3832578659057617, 1.3886116743087769, 1.3832648992538452, 1.3878644704818726, 1.3835798501968384, 1.3700058460235596, 1.3834387063980103, 1.3773308992385864], "training_time": 316.26311111450195}