{"accuracy": [0.2791363596916199, 0.28125, 0.2786957621574402, 0.34375, 0.280017614364624, 0.15625, 0.27847543358802795, 0.375, 0.2797973155975342, 0.1875, 0.27957698702812195, 0.21875, 0.2797973155975342, 0.1875, 0.27891606092453003, 0.3125, 0.2804582417011261, 0.09375, 0.27891606092453003, 0.3125, 0.27891606092453003, 0.3125, 0.27957698702812195, 0.21875, 0.2793566882610321, 0.25, 0.2797973155975342, 0.1875, 0.2793566882610321, 0.25], "val_accuracy": [0.28125, 0.190476194024086, 0.2794642746448517, 0.2857142984867096, 0.27767857909202576, 0.380952388048172, 0.28125, 0.190476194024086, 0.28035715222358704, 0.2380952388048172, 0.27767857909202576, 0.380952388048172, 0.28125, 0.190476194024086, 0.2830357253551483, 0.095238097012043, 0.28035715222358704, 0.2380952388048172, 0.27589285373687744, 0.4761904776096344, 0.28125, 0.190476194024086, 0.28214284777641296, 0.1428571492433548, 0.28035715222358704, 0.2380952388048172, 0.2785714268684387, 0.3333333432674408, 0.27767857909202576, 0.380952388048172], "loss": [3782.692626953125, 231.627197265625, 231.63450622558594, 229.4204559326172, 231.59197998046875, 233.93673706054688, 231.60009765625, 232.9453125, 231.55128479003906, 236.73529052734375, 231.6389923095703, 229.80014038085938, 231.4657745361328, 229.68980407714844, 231.66270446777344, 234.27537536621094, 231.49993896484375, 231.39453125, 231.55711364746094, 235.28419494628906, 231.54037475585938, 233.49700927734375, 231.56138610839844, 233.24169921875, 231.6525421142578, 228.66036987304688, 231.56378173828125, 227.18418884277344, 231.6446075439453, 232.09689331054688], "val_loss": [231.63003540039062, 233.46710205078125, 229.43826293945312, 228.99102783203125, 233.91598510742188, 233.04776000976562, 232.9578857421875, 230.5726318359375, 236.72569274902344, 235.03492736816406, 229.7952880859375, 233.09237670898438, 229.67478942871094, 232.7421875, 234.27963256835938, 231.8763885498047, 231.3453369140625, 228.13157653808594, 235.2783966064453, 235.1217041015625, 233.49874877929688, 233.6615447998047, 233.2299041748047, 236.2169189453125, 228.65213012695312, 230.61949157714844, 227.1804656982422, 229.1147003173828, 232.09385681152344, 228.46888732910156], "training_time": 351.4858708381653}