{"accuracy": [0.335756778717041, 0.5625, 0.37012559175491333, 0.40625, 0.36549901962280273, 0.40625, 0.38136154413223267, 0.34375, 0.36615994572639465, 0.34375, 0.3584490120410919, 0.34375, 0.35756775736808777, 0.28125, 0.36726149916648865, 0.40625, 0.361092746257782, 0.4375, 0.3681427538394928, 0.375, 0.37144744396209717, 0.28125, 0.3628552556037903, 0.40625, 0.3571271300315857, 0.34375, 0.3674818277359009, 0.375, 0.37629434466362, 0.21875], "val_accuracy": [0.32232141494750977, 0.4285714328289032, 0.34285715222358704, 0.3333333432674408, 0.34375, 0.3333333432674408, 0.3464285731315613, 0.3333333432674408, 0.35178571939468384, 0.2857142984867096, 0.3366071283817291, 0.523809552192688, 0.34285715222358704, 0.380952388048172, 0.3598214387893677, 0.2380952388048172, 0.34732142090797424, 0.4285714328289032, 0.34017857909202576, 0.2380952388048172, 0.3455357253551483, 0.1428571492433548, 0.3366071283817291, 0.190476194024086, 0.3464285731315613, 0.3333333432674408, 0.3705357015132904, 0.4285714328289032, 0.3598214387893677, 0.2857142984867096], "loss": [2.2402727603912354, 1.2899301052093506, 1.332115650177002, 1.3218050003051758, 1.3288986682891846, 1.3233137130737305, 1.2979410886764526, 1.3925848007202148, 1.3157588243484497, 1.2858284711837769, 1.3122804164886475, 1.2946767807006836, 1.3011802434921265, 1.407166838645935, 1.2869163751602173, 1.3576666116714478, 1.2950845956802368, 1.3325430154800415, 1.2935190200805664, 1.2697606086730957, 1.287175178527832, 1.3043830394744873, 1.2903751134872437, 1.3119885921478271, 1.303366780281067, 1.2433699369430542, 1.2909049987792969, 1.2465589046478271, 1.2836863994598389, 1.3541676998138428], "val_loss": [1.3912324905395508, 1.3751143217086792, 1.368775486946106, 1.3323488235473633, 1.3899214267730713, 1.2025089263916016, 1.336649775505066, 1.387416958808899, 1.3439770936965942, 1.4859029054641724, 1.3547266721725464, 1.3077027797698975, 1.3398456573486328, 1.3300710916519165, 1.318619966506958, 1.267577052116394, 1.315484642982483, 1.313684105873108, 1.3243664503097534, 1.375840425491333, 1.3301563262939453, 1.5296690464019775, 1.3369015455245972, 1.4570902585983276, 1.3342082500457764, 1.2843159437179565, 1.3142995834350586, 1.1271332502365112, 1.318045973777771, 1.3033276796340942], "training_time": 339.7141010761261}