{"accuracy": [0.4093412756919861, 0.3125, 0.5496805310249329, 0.59375, 0.6545494794845581, 0.71875, 0.7248292565345764, 0.78125, 0.7876183986663818, 0.78125, 0.8244106769561768, 0.78125, 0.8506278991699219, 0.875, 0.8623044490814209, 0.875, 0.8788279294967651, 0.84375, 0.8929279446601868, 0.90625, 0.8973342180252075, 0.8125, 0.9035030007362366, 0.875, 0.9092311263084412, 0.9375, 0.9165014028549194, 0.90625, 0.9160608053207397, 0.90625], "val_accuracy": [0.3508928716182709, 0.190476194024086, 0.4375, 0.6190476417541504, 0.6107142567634583, 0.6190476417541504, 0.6267856955528259, 0.4285714328289032, 0.7017857432365417, 0.7142857313156128, 0.7098214030265808, 0.761904776096344, 0.7633928656578064, 0.761904776096344, 0.762499988079071, 0.9047619104385376, 0.7464285492897034, 0.8095238208770752, 0.7991071343421936, 0.8571428656578064, 0.800000011920929, 0.9047619104385376, 0.7866071462631226, 0.9047619104385376, 0.8187500238418579, 0.8095238208770752, 0.8062499761581421, 0.7142857313156128, 0.8116071224212646, 0.9047619104385376], "loss": [1.2078646421432495, 1.1489461660385132, 0.9749307036399841, 0.7811557054519653, 0.8074414134025574, 1.1950600147247314, 0.6719467043876648, 0.5103088617324829, 0.5559647083282471, 0.5414146780967712, 0.46700358390808105, 0.5020252466201782, 0.41093698143959045, 0.36118438839912415, 0.3746396601200104, 0.44739222526550293, 0.33719372749328613, 0.35558122396469116, 0.3007539212703705, 0.31362202763557434, 0.2921534776687622, 0.40716907382011414, 0.2700425088405609, 0.2236674278974533, 0.25407618284225464, 0.21645425260066986, 0.22672724723815918, 0.17562200129032135, 0.23279112577438354, 0.26708874106407166], "val_loss": [1.3520363569259644, 1.4968405961990356, 1.2708247900009155, 1.1448112726211548, 1.0844230651855469, 1.0354264974594116, 1.0346184968948364, 2.0281543731689453, 0.8924176692962646, 0.963681161403656, 0.7970525026321411, 0.8005603551864624, 0.7854119539260864, 0.9983506202697754, 0.6708754897117615, 0.48632171750068665, 0.8048766255378723, 0.8955209851264954, 0.5825816988945007, 0.5012988448143005, 0.6100091934204102, 0.44198372960090637, 0.7748563885688782, 0.7793329954147339, 0.5646422505378723, 0.8355286717414856, 0.7015264630317688, 0.6444767713546753, 0.638966977596283, 0.3669370114803314], "training_time": 309.3706753253937}