{"accuracy": [0.378497451543808, 0.46875, 0.5481383800506592, 0.59375, 0.6441947817802429, 0.75, 0.7142542600631714, 0.78125, 0.7814496755599976, 0.75, 0.8151575326919556, 0.84375, 0.843137264251709, 0.9375, 0.8601013422012329, 0.625, 0.8594403862953186, 0.78125, 0.8764045238494873, 0.84375, 0.8836748003959656, 0.90625, 0.8942498564720154, 0.90625, 0.9074686169624329, 0.9375, 0.9061467051506042, 0.90625, 0.9046045541763306, 0.96875], "val_accuracy": [0.3687500059604645, 0.4285714328289032, 0.46964284777641296, 0.523809552192688, 0.5821428298950195, 0.6666666865348816, 0.6812499761581421, 0.6190476417541504, 0.6669642925262451, 0.8571428656578064, 0.7562500238418579, 0.8095238208770752, 0.75, 0.5714285969734192, 0.6928571462631226, 0.7142857313156128, 0.762499988079071, 0.6190476417541504, 0.793749988079071, 0.8095238208770752, 0.7839285731315613, 0.6666666865348816, 0.8062499761581421, 0.761904776096344, 0.7973214387893677, 0.8571428656578064, 0.8089285492897034, 0.9523809552192688, 0.8169642686843872, 0.7142857313156128], "loss": [1.2543730735778809, 1.302372932434082, 0.9731934666633606, 0.8602323532104492, 0.851679801940918, 0.6758907437324524, 0.712067186832428, 0.5963053107261658, 0.578617513179779, 0.8183791637420654, 0.4967886805534363, 0.3686566650867462, 0.429317444562912, 0.23583531379699707, 0.3963940143585205, 0.6696504950523376, 0.39554136991500854, 0.49396705627441406, 0.3500894010066986, 0.5370672345161438, 0.32101869583129883, 0.394010990858078, 0.3016729950904846, 0.2162824273109436, 0.2608388066291809, 0.21389269828796387, 0.26638680696487427, 0.24733738601207733, 0.2768644690513611, 0.13198472559452057], "val_loss": [1.3230290412902832, 1.1982555389404297, 1.2598549127578735, 1.0764936208724976, 1.1469695568084717, 1.0006299018859863, 0.9936124682426453, 0.7498462796211243, 0.9603312015533447, 0.6159050464630127, 0.7179520726203918, 0.536937952041626, 0.7731537818908691, 1.2708593606948853, 0.8664498925209045, 0.9202262163162231, 0.7275649905204773, 1.5035444498062134, 0.6130671501159668, 0.343473881483078, 0.6658163070678711, 0.60422682762146, 0.62120121717453, 0.6753140091896057, 0.6241118311882019, 0.40671029686927795, 0.6112077832221985, 0.14378704130649567, 0.5700468420982361, 1.2818686962127686], "training_time": 312.8765695095062}