{"accuracy": [0.392597496509552, 0.53125, 0.5291914343833923, 0.59375, 0.6107072234153748, 0.5625, 0.6970698237419128, 0.75, 0.7565543055534363, 0.75, 0.8048028349876404, 0.84375, 0.8407137989997864, 0.84375, 0.8517294526100159, 0.875, 0.8627451062202454, 0.84375, 0.8805904388427734, 0.8125, 0.8860982656478882, 0.90625, 0.8971139192581177, 0.875, 0.903282642364502, 0.84375, 0.9151795506477356, 0.90625, 0.9233311414718628, 0.9375], "val_accuracy": [0.3812499940395355, 0.4761904776096344, 0.40982142090797424, 0.4285714328289032, 0.6008928418159485, 0.2857142984867096, 0.6428571343421936, 0.761904776096344, 0.6473214030265808, 0.5714285969734192, 0.7339285612106323, 0.9047619104385376, 0.7526785731315613, 0.761904776096344, 0.7589285969734192, 0.7142857313156128, 0.7294642925262451, 0.9523809552192688, 0.7419642806053162, 0.8571428656578064, 0.7535714507102966, 0.7142857313156128, 0.7651785612106323, 0.6666666865348816, 0.8401785492897034, 0.7142857313156128, 0.8258928656578064, 0.6190476417541504, 0.8401785492897034, 0.8571428656578064], "loss": [1.247351884841919, 1.0719116926193237, 1.0311135053634644, 0.8887776136398315, 0.8925646543502808, 0.9363013505935669, 0.765663743019104, 0.649789571762085, 0.61757493019104, 0.6894662976264954, 0.5397078394889832, 0.6376022100448608, 0.4440402686595917, 0.5176576375961304, 0.4060715436935425, 0.4033476710319519, 0.3856304883956909, 0.4102076590061188, 0.3423460125923157, 0.4948089122772217, 0.32536566257476807, 0.2928082346916199, 0.29506632685661316, 0.3035881817340851, 0.27818459272384644, 0.36118051409721375, 0.2569367587566376, 0.39971065521240234, 0.24110844731330872, 0.2803072929382324], "val_loss": [1.3016808032989502, 1.052756667137146, 1.2400964498519897, 1.3528587818145752, 1.0561740398406982, 1.2678061723709106, 1.0202676057815552, 0.6110522747039795, 1.0301283597946167, 1.8558849096298218, 0.8126060366630554, 0.4549674391746521, 0.7542001008987427, 0.5190116167068481, 0.6879809498786926, 1.0113874673843384, 0.7724010944366455, 0.2231213003396988, 0.8079283833503723, 0.8409954309463501, 0.8200190663337708, 0.6674203872680664, 0.7198947072029114, 0.7810683250427246, 0.5536090135574341, 1.1920057535171509, 0.5735096335411072, 1.889399528503418, 0.5159148573875427, 0.6263728737831116], "training_time": 316.304137468338}