{"accuracy": [0.3983256220817566, 0.40625, 0.509583592414856, 0.40625, 0.5651024580001831, 0.65625, 0.5955055952072144, 0.5625, 0.6635822653770447, 0.625, 0.6878166794776917, 0.71875, 0.7358449101448059, 0.6875, 0.7647058963775635, 0.8125, 0.8085481524467468, 0.8125, 0.8131747245788574, 0.59375, 0.8393919467926025, 0.8125, 0.8376294374465942, 0.9375, 0.8462216258049011, 0.8125, 0.8543732166290283, 0.78125, 0.8640669584274292, 0.84375], "val_accuracy": [0.4178571403026581, 0.2380952388048172, 0.43214285373687744, 0.380952388048172, 0.4446428716182709, 0.6190476417541504, 0.5348214507102966, 0.523809552192688, 0.5303571224212646, 0.4285714328289032, 0.6294642686843872, 0.4761904776096344, 0.6660714149475098, 0.4285714328289032, 0.6410714387893677, 0.523809552192688, 0.6901785731315613, 0.7142857313156128, 0.7053571343421936, 0.8571428656578064, 0.71875, 0.761904776096344, 0.7321428656578064, 0.8095238208770752, 0.7151785492897034, 0.761904776096344, 0.7419642806053162, 0.6666666865348816, 0.71875, 0.7142857313156128], "loss": [1.4152889251708984, 1.3228683471679688, 1.1043890714645386, 1.1246024370193481, 1.019498586654663, 0.8846964240074158, 0.9762811660766602, 0.84926837682724, 0.8870484828948975, 0.9828868508338928, 0.8735677599906921, 0.8119449615478516, 0.7824935913085938, 0.9647173881530762, 0.7459114789962769, 0.7886173129081726, 0.6716834902763367, 0.6893108487129211, 0.6483058929443359, 0.9755325317382812, 0.5953254699707031, 0.6635778546333313, 0.6033867597579956, 0.3843768239021301, 0.580812394618988, 0.6986159682273865, 0.5621921420097351, 0.7295803427696228, 0.5401442050933838, 0.613582968711853], "val_loss": [1.3592714071273804, 1.7214559316635132, 1.3011820316314697, 1.4621622562408447, 1.3321471214294434, 1.116127610206604, 1.2245503664016724, 1.7779520750045776, 1.2795476913452148, 1.1941332817077637, 1.1368147134780884, 1.6073648929595947, 1.0662097930908203, 1.6689502000808716, 1.1165987253189087, 1.3740363121032715, 1.1156688928604126, 1.112983226776123, 0.9884585738182068, 0.6149170398712158, 0.9849612712860107, 0.793850839138031, 1.0427616834640503, 0.8390572667121887, 1.013038158416748, 1.3130054473876953, 0.9585281610488892, 1.0371737480163574, 0.9879763126373291, 0.9027202129364014], "training_time": 338.75413703918457}