{"accuracy": [0.27495041489601135, 0.3125, 0.2791363596916199, 0.28125, 0.27957698702812195, 0.21875, 0.2793566882610321, 0.25, 0.27891606092453003, 0.3125, 0.2791363596916199, 0.28125, 0.2793566882610321, 0.25, 0.2791363596916199, 0.28125, 0.2791363596916199, 0.28125, 0.280017614364624, 0.15625, 0.2793566882610321, 0.25, 0.28023794293403625, 0.125, 0.2791363596916199, 0.28125, 0.27891606092453003, 0.3125, 0.2791363596916199, 0.28125], "val_accuracy": [0.2794642746448517, 0.2857142984867096, 0.2741071283817291, 0.5714285969734192, 0.28214284777641296, 0.1428571492433548, 0.27767857909202576, 0.380952388048172, 0.2794642746448517, 0.2857142984867096, 0.28214284777641296, 0.1428571492433548, 0.2785714268684387, 0.3333333432674408, 0.2794642746448517, 0.2857142984867096, 0.28035715222358704, 0.2380952388048172, 0.28214284777641296, 0.1428571492433548, 0.27767857909202576, 0.380952388048172, 0.2830357253551483, 0.095238097012043, 0.2794642746448517, 0.2857142984867096, 0.28214284777641296, 0.1428571492433548, 0.28035715222358704, 0.2380952388048172], "loss": [382.3186340332031, 24.380422592163086, 24.36992073059082, 24.151601791381836, 24.360456466674805, 24.604692459106445, 24.359878540039062, 24.5086669921875, 24.35265350341797, 24.85512351989746, 24.361587524414062, 24.179372787475586, 24.34547996520996, 24.15862464904785, 24.36497688293457, 24.632810592651367, 24.34834098815918, 24.34966468811035, 24.352083206176758, 24.755998611450195, 24.35091781616211, 24.545373916625977, 24.353652954101562, 24.50950050354004, 24.363149642944336, 24.071895599365234, 24.351774215698242, 23.917957305908203, 24.36066436767578, 24.370012283325195], "val_loss": [24.3768367767334, 24.58414077758789, 24.146499633789062, 24.05760383605957, 24.584299087524414, 24.53590965270996, 24.508209228515625, 24.24382209777832, 24.866165161132812, 24.714570999145508, 24.17696762084961, 24.548202514648438, 24.143367767333984, 24.43771743774414, 24.618667602539062, 24.36469841003418, 24.342660903930664, 24.02227020263672, 24.752012252807617, 24.749013900756836, 24.543413162231445, 24.542049407958984, 24.492856979370117, 24.85822105407715, 24.07234764099121, 24.262325286865234, 23.920211791992188, 24.10516357421875, 24.382301330566406, 24.046781539916992], "training_time": 308.2117784023285}