{"accuracy": [0.47385692596435547, 0.6221833229064941, 0.6652811169624329, 0.6873769164085388, 0.7066287398338318, 0.7304747104644775, 0.7484139204025269, 0.775322675704956, 0.7810107469558716, 0.7993874549865723, 0.8017939329147339, 0.8087945580482483, 0.8328593373298645, 0.833734393119812, 0.8363596796989441, 0.8470793962478638, 0.8503609895706177, 0.8586742281913757, 0.8669875264167786, 0.8610807061195374, 0.8731130957603455, 0.8772697448730469, 0.8785823583602905, 0.8772697448730469, 0.8807700872421265, 0.8851454854011536, 0.8910523056983948, 0.8928024768829346, 0.8932399749755859, 0.8936775326728821], "val_accuracy": [0.42769500613212585, 0.5267309546470642, 0.5503944158554077, 0.5539000630378723, 0.5714285969734192, 0.605609118938446, 0.5872042179107666, 0.6292725801467896, 0.6888694167137146, 0.6809815764427185, 0.6853637099266052, 0.6879929900169373, 0.7107800245285034, 0.7291849255561829, 0.7221735119819641, 0.7265556454658508, 0.7230499386787415, 0.7300613522529602, 0.7309377789497375, 0.7414548397064209, 0.7633654475212097, 0.7598598003387451, 0.7703768610954285, 0.7651183009147644, 0.7291849255561829, 0.7712532877922058, 0.7730061411857605, 0.7589833736419678, 0.7957931756973267, 0.7756354212760925], "loss": [1.1148245334625244, 0.8849250078201294, 0.8000571727752686, 0.7530635595321655, 0.7200573086738586, 0.6702865362167358, 0.6429639458656311, 0.5765288472175598, 0.5806334614753723, 0.5297994613647461, 0.51666659116745, 0.49507632851600647, 0.45562687516212463, 0.45750194787979126, 0.44542014598846436, 0.41392552852630615, 0.4015091359615326, 0.3846466541290283, 0.3655690550804138, 0.36764851212501526, 0.34423887729644775, 0.34995731711387634, 0.3327995538711548, 0.3357754945755005, 0.32963258028030396, 0.31187117099761963, 0.2988816797733307, 0.29472818970680237, 0.29563838243484497, 0.29799705743789673], "val_loss": [1.3208941221237183, 1.1509485244750977, 1.1867091655731201, 1.0964990854263306, 1.056522011756897, 1.0911310911178589, 1.0555145740509033, 1.055631399154663, 0.8874034285545349, 0.9434017539024353, 0.9021610021591187, 0.8605601191520691, 0.8257145285606384, 0.8157356977462769, 0.8015229105949402, 0.8265700936317444, 0.756394624710083, 0.8287956118583679, 0.8670235276222229, 0.7943204045295715, 0.7287732362747192, 0.7068200707435608, 0.7513167858123779, 0.6888650059700012, 0.8026065826416016, 0.7225772738456726, 0.6885497570037842, 0.7118651270866394, 0.6551191210746765, 0.6763107776641846], "training_time": 571.3981220722198, "num_params": 2117188, "epochs_trained": 30}