{"accuracy": [0.37984153628349304, 0.5452139377593994, 0.5625, 0.6025528311729431, 0.6078518033027649, 0.5625, 0.6453462839126587, 0.6443662047386169, 0.53125, 0.6650528311729431, 0.6718129515647888, 0.8125, 0.6973974704742432, 0.7200704216957092, 0.78125, 0.7455986142158508, 0.7225407958030701, 0.59375, 0.7460387349128723, 0.7534186244010925, 0.78125, 0.7754741907119751, 0.7755281925201416, 0.75, 0.7750880122184753, 0.7975297570228577, 0.71875, 0.7935739159584045, 0.7917953133583069, 0.9375], "val_accuracy": [0.37132352590560913, 0.44485294818878174, 0.35849055647850037, 0.4944852888584137, 0.49632352590560913, 0.4150943458080292, 0.5091911554336548, 0.5514705777168274, 0.49056604504585266, 0.5441176295280457, 0.5790441036224365, 0.5849056839942932, 0.6176470518112183, 0.6047794222831726, 0.6415094137191772, 0.6102941036224365, 0.5, 0.6037735939025879, 0.6176470518112183, 0.5974264740943909, 0.6792452931404114, 0.6654411554336548, 0.6783088445663452, 0.6792452931404114, 0.6617646813392639, 0.6727941036224365, 0.7169811129570007, 0.6930146813392639, 0.6764705777168274, 0.6415094137191772], "loss": [1.264883279800415, 1.022651195526123, 1.0317705869674683, 0.9116960763931274, 0.8952009081840515, 0.9125000238418579, 0.8540170192718506, 0.8311337828636169, 0.7743156552314758, 0.7908342480659485, 0.7786672711372375, 0.5476545095443726, 0.746820867061615, 0.6971575021743774, 0.8968956470489502, 0.6794024705886841, 0.6929142475128174, 0.9390540719032288, 0.6584619283676147, 0.6377723217010498, 0.7104456424713135, 0.5814295411109924, 0.5753767490386963, 0.5878819227218628, 0.564844012260437, 0.5530880689620972, 0.5240890979766846, 0.5577599406242371, 0.5405115485191345, 0.21899642050266266], "val_loss": [1.4418104887008667, 1.3115090131759644, 1.2653748989105225, 1.2266511917114258, 1.2316893339157104, 1.4690206050872803, 1.2208806276321411, 1.1912717819213867, 1.2509578466415405, 1.1840319633483887, 1.1940720081329346, 1.0397558212280273, 1.0930334329605103, 1.169927716255188, 0.9285354614257812, 1.1724947690963745, 1.2335548400878906, 1.1740972995758057, 1.076170563697815, 1.1483498811721802, 0.8919201493263245, 0.9762896299362183, 0.9054503440856934, 0.9033016562461853, 0.9603206515312195, 0.9249777793884277, 0.9285788536071777, 0.9041373133659363, 1.0036123991012573, 0.9047442674636841], "training_time": 185.64777660369873, "num_params": 2117188, "epochs_trained": 30}