{"accuracy": [0.5078210830688477, 0.59375, 0.632738471031189, 0.65625, 0.6745979189872742, 0.75, 0.6893588900566101, 0.78125, 0.7133730053901672, 0.71875, 0.7343026995658875, 0.8125, 0.7415730357170105, 0.78125, 0.7677902579307556, 0.6875, 0.7847543358802795, 0.8125, 0.7990747094154358, 0.84375, 0.8096497058868408, 0.875, 0.8136153221130371, 0.75, 0.830579400062561, 0.90625, 0.8356466293334961, 0.875, 0.8435778617858887, 0.875], "val_accuracy": [0.4508928656578064, 0.4761904776096344, 0.5294643044471741, 0.2380952388048172, 0.5464285612106323, 0.4285714328289032, 0.5901785492897034, 0.7142857313156128, 0.612500011920929, 0.7142857313156128, 0.6008928418159485, 0.523809552192688, 0.5955356955528259, 0.6190476417541504, 0.6401785612106323, 0.5714285969734192, 0.6848214268684387, 0.5714285969734192, 0.6946428418159485, 0.761904776096344, 0.7098214030265808, 0.6190476417541504, 0.706250011920929, 0.6190476417541504, 0.7080357074737549, 0.5714285969734192, 0.6830357313156128, 0.8095238208770752, 0.7169643044471741, 0.761904776096344], "loss": [1.0708104372024536, 0.9366459846496582, 0.8595069646835327, 0.8413845300674438, 0.7780061960220337, 0.6866494417190552, 0.7587145566940308, 0.8118838667869568, 0.697510302066803, 0.6028295755386353, 0.6666138172149658, 0.5571696162223816, 0.6253957748413086, 0.5889079570770264, 0.5824757814407349, 0.6239401698112488, 0.5481466054916382, 0.464417964220047, 0.5221871137619019, 0.39417392015457153, 0.49732065200805664, 0.36734747886657715, 0.48861321806907654, 0.7441701292991638, 0.4507494568824768, 0.2622661888599396, 0.4457662105560303, 0.31373587250709534, 0.4214358925819397, 0.4350660443305969], "val_loss": [1.2622485160827637, 1.2071495056152344, 1.170264720916748, 1.8688932657241821, 1.0969980955123901, 1.032981514930725, 1.0549758672714233, 0.7945153117179871, 1.0392677783966064, 1.1466914415359497, 1.0059655904769897, 1.2576051950454712, 1.0543406009674072, 1.2886329889297485, 0.9923836588859558, 1.0533437728881836, 0.8493756055831909, 1.160007119178772, 0.851502537727356, 0.9176604747772217, 0.8808865547180176, 0.9871419072151184, 0.8212929368019104, 0.9544901251792908, 0.8457345962524414, 0.9430266618728638, 0.8754041194915771, 0.47146788239479065, 0.8185160756111145, 0.6540710926055908], "training_time": 301.1232352256775, "num_params": 2117188, "epochs_trained": 30}