{"accuracy": [0.46357470750808716, 0.610150933265686, 0.6626558899879456, 0.6910960674285889, 0.7322248816490173, 0.7468824982643127, 0.768759548664093, 0.784073531627655, 0.806169331073761, 0.8195143342018127, 0.8273900747299194, 0.8365784287452698, 0.8405162692070007, 0.8400787711143494, 0.8494858741760254, 0.8510172963142395, 0.8626121282577515, 0.8641434907913208, 0.8698315620422363, 0.8654561638832092, 0.8713629245758057, 0.8739882111549377, 0.8704878687858582, 0.8831765651702881, 0.8801137804985046, 0.8748632669448853, 0.8888645768165588, 0.8991467952728271, 0.8952089548110962, 0.8912710547447205], "val_accuracy": [0.4625000059604645, 0.5, 0.6499999761581421, 0.5687500238418579, 0.5874999761581421, 0.5874999761581421, 0.6812499761581421, 0.5714285969734192, 0.612500011920929, 0.6499999761581421, 0.699999988079071, 0.7437499761581421, 0.737500011920929, 0.6312500238418579, 0.7437499761581421, 0.8095238208770752, 0.6625000238418579, 0.731249988079071, 0.7875000238418579, 0.7749999761581421, 0.75, 0.7749999761581421, 0.762499988079071, 0.9523809552192688, 0.7250000238418579, 0.7749999761581421, 0.793749988079071, 0.768750011920929, 0.875, 0.75], "loss": [1.128881573677063, 0.8988215327262878, 0.8078365921974182, 0.756247878074646, 0.69882732629776, 0.6445887088775635, 0.6073117256164551, 0.5789655447006226, 0.5329340696334839, 0.4923660457134247, 0.4830611050128937, 0.44252967834472656, 0.4393328130245209, 0.4272388219833374, 0.4212237298488617, 0.40881142020225525, 0.38775402307510376, 0.37097546458244324, 0.35949546098709106, 0.3641996681690216, 0.3448749780654907, 0.34588292241096497, 0.34984493255615234, 0.3177948594093323, 0.3341482877731323, 0.3289397060871124, 0.2944406569004059, 0.29273343086242676, 0.2827214002609253, 0.2947995066642761], "val_loss": [1.1775490045547485, 1.3123465776443481, 1.0063631534576416, 1.1215801239013672, 1.0966354608535767, 1.058990478515625, 0.8582059144973755, 1.167870044708252, 0.9996973276138306, 0.8577133417129517, 1.0456146001815796, 0.8357588052749634, 0.7144052982330322, 0.9861034154891968, 0.654682457447052, 0.4863283932209015, 0.8629615902900696, 0.8319797515869141, 0.560784101486206, 0.7590104937553406, 0.8446148037910461, 0.7465613484382629, 0.705522894859314, 0.28292137384414673, 0.8860125541687012, 0.6397649645805359, 0.6118691563606262, 0.7908133268356323, 0.3733650743961334, 0.7184938192367554], "training_time": 503.562970161438, "num_params": 2117188, "epochs_trained": 30}