{"accuracy": [0.48085758090019226, 0.6171516180038452, 0.6598118543624878, 0.6965653300285339, 0.7287245392799377, 0.7510391473770142, 0.768759548664093, 0.8024502396583557, 0.803981602191925, 0.8221395611763, 0.8273900747299194, 0.8464230895042419, 0.8311091661453247, 0.8534237742424011, 0.8492671251296997, 0.8615182638168335, 0.8628308773040771, 0.8770509958267212, 0.8728943467140198, 0.877707302570343, 0.8667687773704529, 0.8820827007293701, 0.8908334970474243, 0.8847079277038574, 0.8906147480010986, 0.8875519633293152, 0.8888645768165588, 0.8912710547447205, 0.8980529308319092, 0.890395998954773], "val_accuracy": [0.48124998807907104, 0.550000011920929, 0.550000011920929, 0.6812499761581421, 0.643750011920929, 0.59375, 0.6625000238418579, 0.8095238208770752, 0.6499999761581421, 0.7124999761581421, 0.6499999761581421, 0.71875, 0.7124999761581421, 0.6812499761581421, 0.731249988079071, 0.9047619104385376, 0.7437499761581421, 0.7875000238418579, 0.7562500238418579, 0.762499988079071, 0.768750011920929, 0.7562500238418579, 0.800000011920929, 0.7142857313156128, 0.8500000238418579, 0.7749999761581421, 0.7124999761581421, 0.7562500238418579, 0.7875000238418579, 0.800000011920929], "loss": [1.109131932258606, 0.8682054281234741, 0.8134576082229614, 0.7406346797943115, 0.6756664514541626, 0.6269164085388184, 0.5909035205841064, 0.5266007781028748, 0.5077287554740906, 0.48003900051116943, 0.47023552656173706, 0.4261173903942108, 0.4411454200744629, 0.3921690583229065, 0.40529412031173706, 0.3780498802661896, 0.3631201386451721, 0.34113937616348267, 0.3448520302772522, 0.32846778631210327, 0.34530067443847656, 0.3283154368400574, 0.305431067943573, 0.3156185746192932, 0.29764267802238464, 0.2968399226665497, 0.3090033233165741, 0.2853204607963562, 0.2731870710849762, 0.27831900119781494], "val_loss": [1.125393033027649, 1.2662127017974854, 1.1439735889434814, 0.9352917671203613, 1.0458204746246338, 1.0271165370941162, 0.9196346402168274, 0.7534101605415344, 0.9279878735542297, 0.8106822967529297, 0.85273277759552, 0.8194357752799988, 0.8522393107414246, 0.9990083575248718, 0.7099863886833191, 0.4919525384902954, 0.7030813097953796, 0.6383577585220337, 0.7556868195533752, 0.8144797086715698, 0.719367265701294, 0.7367329001426697, 0.7176828384399414, 0.8839939832687378, 0.5733815431594849, 0.645492434501648, 0.7701521515846252, 0.8405742645263672, 0.5575054883956909, 0.678095281124115], "training_time": 549.522141456604, "num_params": 2117188, "epochs_trained": 30}