{"accuracy": [0.3107142746448517, 0.4883928596973419, 0.5820627808570862, 0.6196428537368774, 0.5625, 0.5535714030265808, 0.5946428775787354, 0.634080708026886, 0.6348214149475098, 0.7083333134651184, 0.6366071701049805, 0.6473214030265808, 0.6616071462631226, 0.6798206567764282, 0.7291666865348816, 0.6723214387893677, 0.6964285969734192, 0.7151785492897034, 0.6905829310417175, 0.6875, 0.7214285731315613, 0.695067286491394, 0.7116071581840515, 0.7410714030265808, 0.7604166865348816, 0.7517856955528259, 0.7339285612106323, 0.7616071701049805, 0.763228714466095, 0.84375], "val_accuracy": [0.296875, 0.44921875, 0.4921875, 0.421875, 0.3760683834552765, 0.49609375, 0.47265625, 0.52734375, 0.52734375, 0.5470085740089417, 0.515625, 0.55859375, 0.5390625, 0.5625, 0.5470085740089417, 0.55859375, 0.60546875, 0.5625, 0.53515625, 0.6239316463470459, 0.5546875, 0.6015625, 0.546875, 0.578125, 0.6495726704597473, 0.57421875, 0.64453125, 0.609375, 0.57421875, 0.6068376302719116], "loss": [1.34659743309021, 1.0909596681594849, 0.9536494016647339, 0.9340912103652954, 1.0130568742752075, 0.9386244416236877, 0.9116114377975464, 0.8549146056175232, 0.8591952323913574, 0.7208945751190186, 0.834691047668457, 0.8756756782531738, 0.8162742853164673, 0.7783999443054199, 0.6933794021606445, 0.7799050211906433, 0.735921323299408, 0.6948236227035522, 0.7059966325759888, 0.7032017111778259, 0.6905756592750549, 0.7234507203102112, 0.7187514305114746, 0.6627729535102844, 0.5846934914588928, 0.6636412143707275, 0.6779687404632568, 0.6070269346237183, 0.6009923219680786, 0.5582841038703918], "val_loss": [1.367449164390564, 1.2981253862380981, 1.2323174476623535, 1.2460798025131226, 1.4353220462799072, 1.1834287643432617, 1.1967861652374268, 1.2538470029830933, 1.2347123622894287, 1.1312808990478516, 1.1535786390304565, 1.1028192043304443, 1.1555894613265991, 1.149302363395691, 1.080615758895874, 1.0071598291397095, 1.0872691869735718, 1.0804119110107422, 1.2624192237854004, 1.0938868522644043, 1.1912598609924316, 0.9896066188812256, 1.1858562231063843, 1.2045918703079224, 1.0225567817687988, 1.1314294338226318, 0.9944380521774292, 1.004714012145996, 1.17597496509552, 1.0709010362625122], "training_time": 143.77431917190552, "num_params": 2117188, "epochs_trained": 30}